"opentripmap_id_35389","geonames_id_2087202","0.9569279689524495"
"opentripmap_id_124567","geonames_id_246473","0.835751801320257"
"opentripmap_id_31727","geonames_id_548971","0.913021205290734"
"opentripmap_id_98919","geonames_id_515333","0.9789231973407503"
"opentripmap_id_59264","geonames_id_1002208","0.9142526074396427"
"opentripmap_id_119891","geonames_id_2120499","0.9135648987753788"
"opentripmap_id_103544","geonames_id_538016","0.9789651420189474"
"opentripmap_id_113184","geonames_id_2113574","0.9789785228581451"
"opentripmap_id_1405","geonames_id_540718","0.9789715981373343"
"opentripmap_id_7436","geonames_id_555538","0.9789781195375629"
"opentripmap_id_102831","geonames_id_332320","0.9789838997424302"
"opentripmap_id_8626","geonames_id_2622404","0.9789720688201127"
"opentripmap_id_125722","geonames_id_86865","0.91393404303205"
"opentripmap_id_31425","geonames_id_1235707","0.978982219610673"
"opentripmap_id_97434","geonames_id_549646","0.9789537718475938"
"opentripmap_id_109676","geonames_id_359252","0.9566482923429513"
"opentripmap_id_87056","geonames_id_2625934","0.9569007660296996"
"opentripmap_id_41268","geonames_id_63655","0.913378497454536"
"opentripmap_id_10139","geonames_id_2103454","0.9789806065605329"
"opentripmap_id_3270","geonames_id_539433","0.978977312873682"
"opentripmap_id_131582","geonames_id_377944","0.9789079612342839"
"opentripmap_id_119427","geonames_id_416604","0.8329743319707753"
"opentripmap_id_5527","geonames_id_1126853","0.9569602679430291"
"opentripmap_id_67818","geonames_id_856549","0.8325799636523032"
"opentripmap_id_86292","geonames_id_2629403","0.9789602986573593"
"opentripmap_id_21089","geonames_id_1409870","0.9789253201020793"
"opentripmap_id_49848","geonames_id_902948","0.9789824884405862"
"opentripmap_id_121682","geonames_id_548081","0.9789830932955891"
"opentripmap_id_123941","geonames_id_388576","0.9789744220793737"
"opentripmap_id_93556","geonames_id_550748","0.9789783211988005"
"opentripmap_id_8094","geonames_id_1410402","0.9789800352428932"
"opentripmap_id_8593","geonames_id_1390829","0.9565420338218624"
"opentripmap_id_6258","geonames_id_336079","0.9789651420189474"
"opentripmap_id_42281","geonames_id_671447","0.9789721360596683"
"opentripmap_id_45871","geonames_id_1223488","0.9789302050278139"
"opentripmap_id_76434","geonames_id_2112010","0.9789572373592342"
"opentripmap_id_90142","geonames_id_468879","0.8311450011292184"
"opentripmap_id_84063","geonames_id_2626350","0.9789742203815351"
"opentripmap_id_128212","geonames_id_555060","0.9789826900608131"
"opentripmap_id_111416","geonames_id_346259","0.8353510146424092"
"opentripmap_id_95209","geonames_id_490702","0.914236986344571"
"opentripmap_id_53925","geonames_id_831799","0.9789802368861482"
"opentripmap_id_31758","geonames_id_548991","0.9570566234549921"
"opentripmap_id_123761","geonames_id_435929","0.9569254109604597"
"opentripmap_id_9624","geonames_id_712143","0.9789744893115657"
"opentripmap_id_16554","geonames_id_2617395","0.9789718671001844"
"opentripmap_id_121828","geonames_id_550295","0.9135672200442287"
"opentripmap_id_111416","geonames_id_325750","0.9131790439574031"
"opentripmap_id_96372","geonames_id_370381","0.9789834965227947"
"opentripmap_id_115606","geonames_id_64528","0.9789793294765944"
"opentripmap_id_131663","geonames_id_2637756","0.9570206318638299"
"opentripmap_id_49120","geonames_id_533984","0.9789601641039615"
"opentripmap_id_59861","geonames_id_593315","0.9139397273087312"
"opentripmap_id_101654","geonames_id_549551","0.9789273078952193"
"opentripmap_id_96889","geonames_id_2115222","0.9789798672054014"
"opentripmap_id_18306","geonames_id_545234","0.9789278469261439"
"opentripmap_id_47907","geonames_id_462869","0.8328629652837494"
"opentripmap_id_1873","geonames_id_667115","0.9789818499640482"
"opentripmap_id_108475","geonames_id_537516","0.9789775817650076"
"opentripmap_id_263","geonames_id_859179","0.9789538559685665"
"opentripmap_id_67817","geonames_id_856549","0.8327178723695424"
"opentripmap_id_118914","geonames_id_337814","0.956830798122566"
"opentripmap_id_28429","geonames_id_537042","0.9789091076878202"
"opentripmap_id_11815","geonames_id_1127602","0.9789705894966647"
"opentripmap_id_56110","geonames_id_2614618","0.978966957998258"
"opentripmap_id_21918","geonames_id_1219176","0.9789832949101381"
"opentripmap_id_33415","geonames_id_660354","0.9789658482513537"
"opentripmap_id_21675","geonames_id_1219157","0.9789779850956861"
"opentripmap_id_7183","geonames_id_563868","0.9789793294765944"
"opentripmap_id_7513","geonames_id_539626","0.9789778170421569"
"opentripmap_id_31362","geonames_id_599557","0.9136948029405499"
"opentripmap_id_87261","geonames_id_2629474","0.9789838997424302"
"opentripmap_id_126586","geonames_id_371246","0.9789583475506782"
"opentripmap_id_126919","geonames_id_467477","0.9566512724070408"
"opentripmap_id_10236","geonames_id_2110044","0.9789829588848383"
"opentripmap_id_42987","geonames_id_644435","0.978976539792374"
"opentripmap_id_110830","geonames_id_859415","0.956988023212257"
"opentripmap_id_112888","geonames_id_547804","0.9789738842142635"
"opentripmap_id_94965","geonames_id_551284","0.9789537045505786"
"opentripmap_id_48706","geonames_id_858563","0.9567957397526289"
"opentripmap_id_89399","geonames_id_1230544","0.978974018681803"
"opentripmap_id_87212","geonames_id_2626406","0.8352935027595413"
"opentripmap_id_26155","geonames_id_902708","0.9789807409860047"
"opentripmap_id_12383","geonames_id_1164137","0.9789504740462219"
"opentripmap_id_123574","geonames_id_444144","0.9789565308439274"
"opentripmap_id_90105","geonames_id_491929","0.9570586370587841"
"opentripmap_id_58953","geonames_id_661150","0.978959794077776"
"opentripmap_id_6826","geonames_id_1066320","0.913866062288833"
"opentripmap_id_129609","geonames_id_331959","0.9789596931604385"
"opentripmap_id_65985","geonames_id_2113058","0.9789834293187862"
"opentripmap_id_44207","geonames_id_1169865","0.9789565308439274"
"opentripmap_id_31726","geonames_id_548971","0.9125672426201195"
"opentripmap_id_25606","geonames_id_1232027","0.9789834965227947"
"opentripmap_id_89014","geonames_id_230333","0.9789359307712253"
"opentripmap_id_42806","geonames_id_561469","0.9789328996849811"
"opentripmap_id_86344","geonames_id_2624708","0.9140575432046355"
"opentripmap_id_128071","geonames_id_349386","0.8344500967588014"
"opentripmap_id_102403","geonames_id_809518","0.8350529464755274"
"opentripmap_id_21742","geonames_id_1166205","0.9567357164629772"
"opentripmap_id_113580","geonames_id_493730","0.956716919615047"
"opentripmap_id_102474","geonames_id_2083527","0.8326141079300625"
"opentripmap_id_97971","geonames_id_2089659","0.9789476469568942"
"opentripmap_id_103545","geonames_id_538016","0.9789716653783622"
"opentripmap_id_113991","geonames_id_535632","0.912872589885738"
"opentripmap_id_32790","geonames_id_684820","0.8286880609460174"
"opentripmap_id_81693","geonames_id_1387768","0.9789498009634117"
"opentripmap_id_3761","geonames_id_2077992","0.9789656128431294"
"opentripmap_id_38057","geonames_id_85193","0.9789775817650076"
"opentripmap_id_45273","geonames_id_2617203","0.9789793966934315"
"opentripmap_id_16259","geonames_id_531270","0.9568677503683705"
"opentripmap_id_65251","geonames_id_2622488","0.9789809426226349"
"opentripmap_id_111510","geonames_id_347789","0.8338807772147987"
"opentripmap_id_2275","geonames_id_1170243","0.9789664199463078"
"opentripmap_id_115368","geonames_id_551198","0.9789833621145673"
"opentripmap_id_34025","geonames_id_548127","0.9789714636546467"
"opentripmap_id_13639","geonames_id_874233","0.978959642701592"
"opentripmap_id_34827","geonames_id_667209","0.9789824884405862"
"opentripmap_id_790","geonames_id_667122","0.9789163559087628"
"opentripmap_id_95209","geonames_id_550668","0.9789574055737431"
"opentripmap_id_121683","geonames_id_548081","0.9569004966118225"
"opentripmap_id_42717","geonames_id_1403998","0.9567551136653615"
"opentripmap_id_33209","geonames_id_1214562","0.9789693118171896"
"opentripmap_id_101458","geonames_id_306550","0.9133500664405285"
"opentripmap_id_15064","geonames_id_1410053","0.9789811442573724"
"opentripmap_id_51728","geonames_id_897771","0.9569808128574164"
"opentripmap_id_55907","geonames_id_797897","0.9789830260903188"
"opentripmap_id_86323","geonames_id_2625028","0.9130787725855203"
"opentripmap_id_2308","geonames_id_1147151","0.8337834749832107"
"opentripmap_id_113238","geonames_id_510956","0.9789276447911284"
"opentripmap_id_123769","geonames_id_430058","0.9788908921001038"
"opentripmap_id_95200","geonames_id_2111899","0.9789836981335587"
"opentripmap_id_45282","geonames_id_2617206","0.9789804721342201"
"opentripmap_id_82388","geonames_id_2629827","0.8325016384291969"
"opentripmap_id_41389","geonames_id_1220626","0.9789631240842187"
"opentripmap_id_25446","geonames_id_520111","0.9789743548469713"
"opentripmap_id_112166","geonames_id_432366","0.9130074566477168"
"opentripmap_id_12355","geonames_id_1164154","0.978977548153776"
"opentripmap_id_102972","geonames_id_1054512","0.9789396348526958"
"opentripmap_id_71166","geonames_id_876323","0.9789617618711931"
"opentripmap_id_131361","geonames_id_555265","0.9789654110625998"
"opentripmap_id_97560","geonames_id_489394","0.9789552859747678"
"opentripmap_id_2488","geonames_id_1146598","0.9567919252209273"
"opentripmap_id_2361","geonames_id_1235831","0.9789798672054014"
"opentripmap_id_2376","geonames_id_1235830","0.9789783211988005"
"opentripmap_id_55645","geonames_id_897759","0.9568680199817199"
"opentripmap_id_95367","geonames_id_337815","0.9789184793442914"
"opentripmap_id_116491","geonames_id_397953","0.8323840957156983"
"opentripmap_id_117966","geonames_id_403426","0.9568622229400345"
"opentripmap_id_42260","geonames_id_662333","0.9789789597802314"
"opentripmap_id_89406","geonames_id_1135655","0.8329138831322824"
"opentripmap_id_101791","geonames_id_537959","0.9789521566611151"
"opentripmap_id_131978","geonames_id_492848","0.9567463960897519"
"opentripmap_id_5300","geonames_id_1219145","0.9789648729719275"
"opentripmap_id_86941","geonames_id_2628638","0.9132918857847943"
"opentripmap_id_6408","geonames_id_599531","0.978982555647539"
"opentripmap_id_115368","geonames_id_438037","0.9568332265697923"
"opentripmap_id_129924","geonames_id_536639","0.9789810770460036"
"opentripmap_id_6755","geonames_id_1087883","0.9789719007203039"
"opentripmap_id_87351","geonames_id_2629048","0.9128405003875921"
"opentripmap_id_50496","geonames_id_159445","0.97897176623951"
"opentripmap_id_96395","geonames_id_550217","0.9789680340617544"
"opentripmap_id_131135","geonames_id_498726","0.9789793294765944"
"opentripmap_id_1968","geonames_id_646617","0.9789505413533448"
"opentripmap_id_16112","geonames_id_532475","0.9789828244732464"
"opentripmap_id_45726","geonames_id_511250","0.9789803377070658"
"opentripmap_id_112637","geonames_id_83063","0.978957001856711"
"opentripmap_id_132316","geonames_id_57217","0.9789338427353216"
"opentripmap_id_127560","geonames_id_537534","0.9789310808283834"
"opentripmap_id_112152","geonames_id_371902","0.9569099252806436"
"opentripmap_id_26031","geonames_id_58477","0.8322281817540415"
"opentripmap_id_9490","geonames_id_1002033","0.9789817491502284"
"opentripmap_id_10143","geonames_id_2110039","0.9789613077810043"
"opentripmap_id_124581","geonames_id_551115","0.9789687065740841"
"opentripmap_id_113756","geonames_id_362455","0.9128688228466144"
"opentripmap_id_490","geonames_id_890923","0.9789810770460036"
"opentripmap_id_852","geonames_id_660064","0.9789838997424302"
"opentripmap_id_78295","geonames_id_2626551","0.9570213036124054"
"opentripmap_id_131577","geonames_id_370265","0.9131710157417837"
"opentripmap_id_22265","geonames_id_338220","0.9789829588848383"
"opentripmap_id_94966","geonames_id_551284","0.9789729092994334"
"opentripmap_id_1680","geonames_id_635912","0.9789803041001458"
"opentripmap_id_1022","geonames_id_531384","0.9789830932955891"
"opentripmap_id_89013","geonames_id_230333","0.9569446596534488"
"opentripmap_id_89505","geonames_id_2112962","0.9789711946867471"
"opentripmap_id_36649","geonames_id_544889","0.9789810770460036"
"opentripmap_id_128216","geonames_id_545629","0.9789742876143585"
"opentripmap_id_124995","geonames_id_549433","0.9789787917343267"
"opentripmap_id_20662","geonames_id_2074541","0.8332744987931535"
"opentripmap_id_87686","geonames_id_1169025","0.978961778689164"
"opentripmap_id_113001","geonames_id_665677","0.978977548153776"
"opentripmap_id_86237","geonames_id_2629033","0.956812175692731"
"opentripmap_id_43593","geonames_id_2111858","0.9789803377070658"
"opentripmap_id_22908","geonames_id_360426","0.9789814467059297"
"opentripmap_id_803","geonames_id_661738","0.9789747414304129"
"opentripmap_id_2022","geonames_id_1169170","0.9789775817650076"
"opentripmap_id_28031","geonames_id_1168779","0.9789823540260502"
"opentripmap_id_34759","geonames_id_363500","0.9789211080697882"
"opentripmap_id_90192","geonames_id_2623929","0.9789229277687865"
"opentripmap_id_8850","geonames_id_2554088","0.9789242755948707"
"opentripmap_id_98280","geonames_id_899537","0.9789743212306912"
"opentripmap_id_86042","geonames_id_2626705","0.9789631240842187"
"opentripmap_id_47541","geonames_id_831800","0.9789807409860047"
"opentripmap_id_23350","geonames_id_1409227","0.8317394043487949"
"opentripmap_id_10058","geonames_id_2102854","0.978980673773374"
"opentripmap_id_30555","geonames_id_713744","0.9789797327744616"
"opentripmap_id_37490","geonames_id_1236607","0.9789672270191824"
"opentripmap_id_102976","geonames_id_1061916","0.9568267504206215"
"opentripmap_id_46539","geonames_id_409008","0.9134430819945577"
"opentripmap_id_89511","geonames_id_2079613","0.9569612096496688"
"opentripmap_id_121684","geonames_id_548081","0.9567911150135001"
"opentripmap_id_128214","geonames_id_555060","0.9789765061795122"
"opentripmap_id_113724","geonames_id_457181","0.9789379512583162"
"opentripmap_id_114917","geonames_id_544116","0.9789565981320996"
"opentripmap_id_4600","geonames_id_532220","0.9789785228581451"
"opentripmap_id_26656","geonames_id_636308","0.9131175203232388"
"opentripmap_id_1926","geonames_id_635906","0.9789827068624132"
"opentripmap_id_2494","geonames_id_1167655","0.9789687738241597"
"opentripmap_id_25540","geonames_id_537108","0.9789804721342201"
"opentripmap_id_22304","geonames_id_660323","0.978973346335689"
"opentripmap_id_38531","geonames_id_646255","0.9789774809311549"
"opentripmap_id_4440","geonames_id_532218","0.9789744893115657"
"opentripmap_id_8645","geonames_id_2614213","0.9789828244732464"
"opentripmap_id_86290","geonames_id_2629585","0.8324059691143082"
"opentripmap_id_86901","geonames_id_2627103","0.9789520893590464"
"opentripmap_id_124295","geonames_id_337411","0.9789627877433479"
"opentripmap_id_17244","geonames_id_1219586","0.9789759683665711"
"opentripmap_id_5647","geonames_id_1235459","0.9789810770460036"
"opentripmap_id_93673","geonames_id_546546","0.9789592222066007"
"opentripmap_id_34249","geonames_id_1232066","0.9789745565435477"
"opentripmap_id_107115","geonames_id_324225","0.9565547273742564"
"opentripmap_id_6377","geonames_id_671241","0.9789244777615093"
"opentripmap_id_104572","geonames_id_534964","0.9124830276552007"
"opentripmap_id_27759","geonames_id_1168689","0.9789707912285858"
"opentripmap_id_1365","geonames_id_531904","0.9789149064595861"
"opentripmap_id_481","geonames_id_890923","0.9789783380038181"
"opentripmap_id_128728","geonames_id_516126","0.95682040829227"
"opentripmap_id_123010","geonames_id_325222","0.9789794639100581"
"opentripmap_id_129285","geonames_id_386296","0.9139137438564762"
"opentripmap_id_93576","geonames_id_332331","0.8344609257455001"
"opentripmap_id_93149","geonames_id_635856","0.9789835637265929"
"opentripmap_id_70742","geonames_id_2620142","0.9789724722542893"
"opentripmap_id_65901","geonames_id_1016821","0.9789676305442561"
"opentripmap_id_122137","geonames_id_542931","0.9789719343403709"
"opentripmap_id_28346","geonames_id_445332","0.8316152602866035"
"opentripmap_id_123352","geonames_id_506587","0.9129877381812804"
"opentripmap_id_115892","geonames_id_55324","0.91286388650338"
"opentripmap_id_126977","geonames_id_162233","0.9566167187480583"
"opentripmap_id_114647","geonames_id_337565","0.9789629222803277"
"opentripmap_id_87349","geonames_id_2626311","0.978966756230355"
"opentripmap_id_9738","geonames_id_713202","0.9569910649970952"
"opentripmap_id_83803","geonames_id_2625577","0.913038064150099"
"opentripmap_id_121101","geonames_id_1216620","0.9789794639100581"
"opentripmap_id_127857","geonames_id_2547661","0.9130829202476202"
"opentripmap_id_16075","geonames_id_544703","0.9789720015803469"
"opentripmap_id_87175","geonames_id_2627462","0.9126912153295182"
"opentripmap_id_117143","geonames_id_372722","0.832048874509236"
"opentripmap_id_1815","geonames_id_663655","0.9789831268981453"
"opentripmap_id_131895","geonames_id_549904","0.9789683366949068"
"opentripmap_id_48578","geonames_id_544174","0.9127037079519674"
"opentripmap_id_31653","geonames_id_660547","0.978945820930917"
"opentripmap_id_93794","geonames_id_550976","0.9789377155445943"
"opentripmap_id_131893","geonames_id_549302","0.9789650074958585"
"opentripmap_id_8054","geonames_id_1410468","0.956806506474299"
"opentripmap_id_100449","geonames_id_535175","0.9789814803110621"
"opentripmap_id_92790","geonames_id_1224640","0.9789810098344243"
"opentripmap_id_110667","geonames_id_645695","0.9789769263365053"
"opentripmap_id_110663","geonames_id_645699","0.9789659995838506"
"opentripmap_id_31314","geonames_id_599542","0.9568944595457621"
"opentripmap_id_132417","geonames_id_503660","0.978965074757508"
"opentripmap_id_22266","geonames_id_338220","0.9789777162094083"
"opentripmap_id_2313","geonames_id_1238874","0.9789754305401676"
"opentripmap_id_82915","geonames_id_1390111","0.9569108680391805"
"opentripmap_id_2128","geonames_id_1169662","0.9789832949101381"
"opentripmap_id_85845","geonames_id_2625581","0.9133417940142633"
"opentripmap_id_131980","geonames_id_438752","0.9789540410335487"
"opentripmap_id_43594","geonames_id_2111846","0.9789828244732464"
"opentripmap_id_96560","geonames_id_1229074","0.9789819507773949"
"opentripmap_id_35201","geonames_id_2103037","0.9789794639100581"
"opentripmap_id_115384","geonames_id_343439","0.9569821911496711"
"opentripmap_id_32975","geonames_id_1160626","0.8332617924653356"
"opentripmap_id_128397","geonames_id_334155","0.9131036558720831"
"opentripmap_id_85366","geonames_id_2625652","0.8340485728635837"
"opentripmap_id_71851","geonames_id_906028","0.9789770607850077"
"opentripmap_id_101992","geonames_id_669661","0.9789709257154813"
"opentripmap_id_2971","geonames_id_96348","0.9789808081984251"
"opentripmap_id_88942","geonames_id_176576","0.8346341123149482"
"opentripmap_id_115678","geonames_id_485488","0.83422300856431"
"opentripmap_id_47542","geonames_id_831800","0.9789815811261438"
"opentripmap_id_130209","geonames_id_396455","0.9128428392546216"
"opentripmap_id_86858","geonames_id_2626619","0.9568641104306349"
"opentripmap_id_119493","geonames_id_547922","0.9789836981335587"
"opentripmap_id_44157","geonames_id_898213","0.9789721360596683"
"opentripmap_id_93647","geonames_id_2110918","0.9789802704931734"
"opentripmap_id_124512","geonames_id_364238","0.9569640346515226"
"opentripmap_id_86654","geonames_id_2632768","0.9789302723983531"
"opentripmap_id_87450","geonames_id_2625809","0.9128033307714443"
"opentripmap_id_76271","geonames_id_2624225","0.9789681685659037"
"opentripmap_id_108470","geonames_id_378996","0.9789652092801762"
"opentripmap_id_122261","geonames_id_554106","0.9789656128431294"
"opentripmap_id_25345","geonames_id_660300","0.9789388940873927"
"opentripmap_id_131778","geonames_id_545505","0.9789797999900367"
"opentripmap_id_42280","geonames_id_664735","0.9789628886461618"
"opentripmap_id_23332","geonames_id_1410210","0.9789767078558943"
"opentripmap_id_7958","geonames_id_1410407","0.9789772456503246"
"opentripmap_id_110470","geonames_id_410388","0.9788993946224891"
"opentripmap_id_5122","geonames_id_1390828","0.9789359307712253"
"opentripmap_id_120411","geonames_id_522948","0.8326573493614268"
"opentripmap_id_101272","geonames_id_439644","0.9139285190023434"
"opentripmap_id_34819","geonames_id_662243","0.978982337224174"
"opentripmap_id_100782","geonames_id_552301","0.9789732118639417"
"opentripmap_id_88639","geonames_id_1235531","0.9789832949101381"
"opentripmap_id_131382","geonames_id_2643618","0.9789810770460036"
"opentripmap_id_103086","geonames_id_553112","0.978979262259547"
"opentripmap_id_6614","geonames_id_644518","0.9789700851585774"
"opentripmap_id_112162","geonames_id_545535","0.978967361528382"
"opentripmap_id_10300","geonames_id_2115413","0.9789497336539724"
"opentripmap_id_126980","geonames_id_713326","0.9789783884187924"
"opentripmap_id_21803","geonames_id_1219160","0.9789795983426803"
"opentripmap_id_104178","geonames_id_627229","0.9789708584721387"
"opentripmap_id_126654","geonames_id_536556","0.9789458966677937"
"opentripmap_id_124294","geonames_id_337411","0.9789801360647573"
"opentripmap_id_95568","geonames_id_56655","0.9789818835685498"
"opentripmap_id_53869","geonames_id_787809","0.9566438557488911"
"opentripmap_id_94142","geonames_id_1220805","0.9789374124803017"
"opentripmap_id_38371","geonames_id_546893","0.9789350551679219"
"opentripmap_id_107116","geonames_id_324225","0.9567392315547673"
"opentripmap_id_98254","geonames_id_463354","0.9566253935096333"
"opentripmap_id_31661","geonames_id_660544","0.9789147969042319"
"opentripmap_id_3260","geonames_id_535728","0.978981211468531"
"opentripmap_id_7624","geonames_id_532423","0.9566178709602001"
"opentripmap_id_124574","geonames_id_434392","0.9140731939120326"
"opentripmap_id_115273","geonames_id_427942","0.9565841736390696"
"opentripmap_id_114333","geonames_id_503399","0.9789072193789154"
"opentripmap_id_100960","geonames_id_362011","0.8329820572536751"
"opentripmap_id_104285","geonames_id_457636","0.9789410489702093"
"opentripmap_id_22267","geonames_id_338220","0.9789735480417323"
"opentripmap_id_115049","geonames_id_482320","0.9789649402339983"
"opentripmap_id_1462","geonames_id_531912","0.9789044540567045"
"opentripmap_id_36658","geonames_id_543324","0.9789701860271416"
"opentripmap_id_18263","geonames_id_545228","0.9789726739685373"
"opentripmap_id_124165","geonames_id_409696","0.9789836981335587"
"opentripmap_id_31716","geonames_id_548971","0.9789462332729095"
"opentripmap_id_125267","geonames_id_544697","0.9789530315688467"
"opentripmap_id_122395","geonames_id_532870","0.9789803377070658"
"opentripmap_id_9737","geonames_id_713202","0.9789241408160574"
"opentripmap_id_16708","geonames_id_2617388","0.978979262259547"
"opentripmap_id_31517","geonames_id_660810","0.9789829924876048"
"opentripmap_id_47366","geonames_id_813866","0.832760296301886"
"opentripmap_id_100608","geonames_id_358624","0.8313672109584279"
"opentripmap_id_85393","geonames_id_2632153","0.9789838997424302"
"opentripmap_id_33742","geonames_id_667940","0.9789640826268328"
"opentripmap_id_115432","geonames_id_423598","0.9789789933892546"
"opentripmap_id_89969","geonames_id_546953","0.9789809426226349"
"opentripmap_id_114995","geonames_id_335047","0.978938759400053"
"opentripmap_id_10311","geonames_id_2113874","0.978981211468531"
"opentripmap_id_82914","geonames_id_1390111","0.9568866194167277"
"opentripmap_id_44022","geonames_id_874778","0.9789767078558943"
"opentripmap_id_88691","geonames_id_1235534","0.9789786572966566"
"opentripmap_id_488","geonames_id_901502","0.9789037626707272"
"opentripmap_id_105669","geonames_id_495759","0.9129833269183149"
"opentripmap_id_95203","geonames_id_2086483","0.9568731423295915"
"opentripmap_id_123332","geonames_id_89983","0.9789832277054988"
"opentripmap_id_16132","geonames_id_542711","0.9568585825568694"
"opentripmap_id_8525","geonames_id_1409934","0.9789838997424302"
"opentripmap_id_56861","geonames_id_765297","0.8333425552176297"
"opentripmap_id_86675","geonames_id_2624984","0.9568738162794844"
"opentripmap_id_86103","geonames_id_2624756","0.9570756819571915"
"opentripmap_id_115385","geonames_id_343439","0.9570109575723956"
"opentripmap_id_18087","geonames_id_535155","0.9789754977692043"
"opentripmap_id_48985","geonames_id_895028","0.9789166424162451"
"opentripmap_id_16182","geonames_id_532393","0.9789819843817389"
"opentripmap_id_122148","geonames_id_821498","0.9789394664991836"
"opentripmap_id_56686","geonames_id_1233604","0.9789808754106352"
"opentripmap_id_112160","geonames_id_371902","0.9789353245881162"
"opentripmap_id_51162","geonames_id_1154528","0.8321661487098697"
"opentripmap_id_65868","geonames_id_1021866","0.9570155262469384"
"opentripmap_id_12345","geonames_id_1164143","0.9789650074958585"
"opentripmap_id_86859","geonames_id_2626619","0.9567526134470504"
"opentripmap_id_86161","geonames_id_2631965","0.9567209771484033"
"opentripmap_id_87576","geonames_id_2630316","0.8359288307812347"
"opentripmap_id_112159","geonames_id_432366","0.9568025915992442"
"opentripmap_id_36623","geonames_id_543154","0.9789834965227947"
"opentripmap_id_129742","geonames_id_549818","0.9789535699559169"
"opentripmap_id_122745","geonames_id_447724","0.9789734135712471"
"opentripmap_id_11447","geonames_id_1390069","0.9789765061795122"
"opentripmap_id_44960","geonames_id_1231770","0.9789748254693711"
"opentripmap_id_59596","geonames_id_2626867","0.8328493244684629"
"opentripmap_id_83048","geonames_id_1390269","0.8323385188126781"
"opentripmap_id_87401","geonames_id_2625813","0.9789502721235901"
"opentripmap_id_8875","geonames_id_2622613","0.9789767750809342"
"opentripmap_id_18068","geonames_id_545239","0.9789707912285858"
"opentripmap_id_127559","geonames_id_537534","0.9789499355816585"
"opentripmap_id_34840","geonames_id_636324","0.9789838997424302"
"opentripmap_id_8323","geonames_id_1410191","0.9789836309301811"
"opentripmap_id_56693","geonames_id_1233396","0.9789722705381478"
"opentripmap_id_127105","geonames_id_509103","0.9789736152766592"
"opentripmap_id_28510","geonames_id_555370","0.830438800870743"
"opentripmap_id_10492","geonames_id_578049","0.9789622495870101"
"opentripmap_id_20198","geonames_id_902077","0.9789566990639628"
"opentripmap_id_87327","geonames_id_2631440","0.9567512619202286"
"opentripmap_id_49990","geonames_id_875849","0.9789550672740956"
"opentripmap_id_107117","geonames_id_324225","0.9566144142361303"
"opentripmap_id_123567","geonames_id_45531","0.8346512426666596"
"opentripmap_id_94081","geonames_id_1235565","0.9789809426226349"
"opentripmap_id_3265","geonames_id_531966","0.9564472295081416"
"opentripmap_id_88595","geonames_id_1219765","0.9789830932955891"
"opentripmap_id_105081","geonames_id_535583","0.978983328512379"
"opentripmap_id_30318","geonames_id_641844","0.9789496999991739"
"opentripmap_id_98988","geonames_id_327272","0.9569136961966068"
"opentripmap_id_128582","geonames_id_545546","0.9789780523167295"
"opentripmap_id_56689","geonames_id_1234815","0.9789832277054988"
"opentripmap_id_9354","geonames_id_1002912","0.9789727412061991"
"opentripmap_id_125215","geonames_id_383721","0.956918005428961"
"opentripmap_id_16019","geonames_id_532479","0.9789811442573724"
"opentripmap_id_57564","geonames_id_2111481","0.9789742203815351"
"opentripmap_id_56688","geonames_id_1234828","0.9789830260903188"
"opentripmap_id_40383","geonames_id_874804","0.9567619041023638"
"opentripmap_id_89821","geonames_id_369542","0.8363161907916227"
"opentripmap_id_16008","geonames_id_542825","0.9789761028210685"
"opentripmap_id_7348","geonames_id_532451","0.9789455263960843"
"opentripmap_id_77063","geonames_id_2624008","0.9789463005933008"
"opentripmap_id_97563","geonames_id_489394","0.9570558179882236"
"opentripmap_id_126188","geonames_id_528331","0.8332744987931535"
"opentripmap_id_38374","geonames_id_546893","0.9789639985458575"
"opentripmap_id_98387","geonames_id_529754","0.9569134268559182"
"opentripmap_id_38775","geonames_id_671034","0.9789657809921241"
"opentripmap_id_124574","geonames_id_246473","0.8345809089940899"
"opentripmap_id_44994","geonames_id_1169065","0.9789648729719275"
"opentripmap_id_31719","geonames_id_548971","0.9568339011153156"
"opentripmap_id_93451","geonames_id_550776","0.9789795311264743"
"opentripmap_id_112266","geonames_id_506109","0.9789708584721387"
"opentripmap_id_122107","geonames_id_505051","0.8352436161175884"
"opentripmap_id_112529","geonames_id_542916","0.9568968593130648"
"opentripmap_id_2671","geonames_id_90632","0.978926297175871"
"opentripmap_id_104284","geonames_id_457636","0.9789620477749105"
"opentripmap_id_93433","geonames_id_435859","0.9789659491398033"
"opentripmap_id_58957","geonames_id_661150","0.9135329111025664"
"opentripmap_id_125266","geonames_id_544697","0.9789685048225946"
"opentripmap_id_82380","geonames_id_2627819","0.8339531585711129"
"opentripmap_id_110666","geonames_id_645698","0.9789836141293037"
"opentripmap_id_34248","geonames_id_1232069","0.978973480806595"
"opentripmap_id_110664","geonames_id_645696","0.9789457451937738"
"opentripmap_id_118215","geonames_id_549479","0.9789700515356174"
"opentripmap_id_102366","geonames_id_164179","0.8328646703230943"
"opentripmap_id_85635","geonames_id_2624737","0.978941520322067"
"opentripmap_id_114611","geonames_id_376475","0.8321401441215135"
"opentripmap_id_95573","geonames_id_73679","0.834362541602022"
"opentripmap_id_26188","geonames_id_877417","0.9789639312808402"
"opentripmap_id_130916","geonames_id_337429","0.9789260276427005"
"opentripmap_id_123708","geonames_id_549614","0.9789634604198276"
"opentripmap_id_122771","geonames_id_522970","0.8347156941317886"
"opentripmap_id_43233","geonames_id_1400638","0.9789826900608131"
"opentripmap_id_1176","geonames_id_540720","0.9789726739685373"
"opentripmap_id_43481","geonames_id_1169408","0.9789807409860047"
"opentripmap_id_86990","geonames_id_2629032","0.836169255211001"
"opentripmap_id_6380","geonames_id_671241","0.8336052710930887"
"opentripmap_id_50553","geonames_id_902955","0.9789833957167031"
"opentripmap_id_130018","geonames_id_544456","0.9789494644141092"
"opentripmap_id_105190","geonames_id_902943","0.978941520322067"
"opentripmap_id_7582","geonames_id_532416","0.9568301909903764"
"opentripmap_id_103192","geonames_id_568166","0.9570288265113951"
"opentripmap_id_51185","geonames_id_1155108","0.8320383759648199"
"opentripmap_id_95270","geonames_id_2639462","0.8333080760738704"
"opentripmap_id_5650","geonames_id_1239063","0.9789720015803469"
"opentripmap_id_24968","geonames_id_2111576","0.9789828244732464"
"opentripmap_id_41733","geonames_id_2624330","0.9789683030692112"
"opentripmap_id_5619","geonames_id_1239063","0.978906207716814"
"opentripmap_id_108721","geonames_id_485552","0.9568627622311108"
"opentripmap_id_115751","geonames_id_334737","0.8317917378711329"
"opentripmap_id_114083","geonames_id_635880","0.9789733295267666"
"opentripmap_id_131530","geonames_id_302921","0.9569855526612244"
"opentripmap_id_114651","geonames_id_326821","0.956900631320962"
"opentripmap_id_115965","geonames_id_2052757","0.9789525604691055"
"opentripmap_id_104149","geonames_id_435898","0.978899360888944"
"opentripmap_id_8886","geonames_id_2622613","0.9789830932955891"
"opentripmap_id_132120","geonames_id_350340","0.9569192173264021"
"opentripmap_id_105902","geonames_id_522516","0.8331287833559465"
"opentripmap_id_49386","geonames_id_543474","0.9789818835685498"
"opentripmap_id_67815","geonames_id_1335267","0.9789838997424302"
"opentripmap_id_117385","geonames_id_324669","0.8350772397095116"
"opentripmap_id_8482","geonames_id_1411985","0.9789762036613893"
"opentripmap_id_43501","geonames_id_1220183","0.978973749745882"
"opentripmap_id_9677","geonames_id_712151","0.978983765336726"
"opentripmap_id_16155","geonames_id_542723","0.9789778506529677"
"opentripmap_id_3411","geonames_id_535743","0.9789814131007448"
"opentripmap_id_697","geonames_id_635918","0.9789762876946285"
"opentripmap_id_94250","geonames_id_1235638","0.9789766406306439"
"opentripmap_id_15993","geonames_id_532469","0.9789521566611151"
"opentripmap_id_13123","geonames_id_2069725","0.9567835523779548"
"opentripmap_id_105943","geonames_id_397876","0.9567686259698981"
"opentripmap_id_31709","geonames_id_548970","0.9570423914175153"
"opentripmap_id_107118","geonames_id_324225","0.9566824159146083"
"opentripmap_id_47885","geonames_id_1037404","0.8318831189852437"
"opentripmap_id_1273","geonames_id_531385","0.9789772456503246"
"opentripmap_id_125397","geonames_id_371509","0.978950608660257"
"opentripmap_id_43510","geonames_id_1231885","0.9789786572966566"
"opentripmap_id_116589","geonames_id_543213","0.978974018681803"
"opentripmap_id_2428","geonames_id_1223434","0.9789499355816585"
"opentripmap_id_43536","geonames_id_1132149","0.8362014693424267"
"opentripmap_id_1377","geonames_id_531905","0.9789610386859964"
"opentripmap_id_120570","geonames_id_320702","0.8346697238185831"
"opentripmap_id_126187","geonames_id_528331","0.8333829248564781"
"opentripmap_id_3250","geonames_id_535728","0.97894838742096"
"opentripmap_id_24325","geonames_id_664976","0.9789734135712471"
"opentripmap_id_122414","geonames_id_537323","0.9789463005933008"
"opentripmap_id_120560","geonames_id_337408","0.9789816819407524"
"opentripmap_id_970","geonames_id_661803","0.9789761532412882"
"opentripmap_id_87615","geonames_id_2625517","0.9568560206299003"
"opentripmap_id_16130","geonames_id_531361","0.9132942136897105"
"opentripmap_id_92143","geonames_id_543811","0.978967361528382"
"opentripmap_id_3447","geonames_id_535744","0.9789326302344394"
"opentripmap_id_119241","geonames_id_434173","0.9138090958217074"
"opentripmap_id_7833","geonames_id_1410440","0.97898201798603"
"opentripmap_id_1142","geonames_id_531274","0.9789836981335587"
"opentripmap_id_63983","geonames_id_2580657","0.9568843285956875"
"opentripmap_id_94080","geonames_id_1235565","0.9789416549921304"
"opentripmap_id_119291","geonames_id_397487","0.9789815475211691"
"opentripmap_id_3262","geonames_id_535728","0.9789683030692112"
"opentripmap_id_43020","geonames_id_586497","0.9570731994410929"
"opentripmap_id_118749","geonames_id_2063681","0.8331501250005346"
"opentripmap_id_24691","geonames_id_543400","0.9789824884405862"
"opentripmap_id_60420","geonames_id_324498","0.9567574786097155"
"opentripmap_id_124289","geonames_id_325199","0.9138427911720016"
"opentripmap_id_48401","geonames_id_874783","0.9789725563021227"
"opentripmap_id_125993","geonames_id_158577","0.9789726403496274"
"opentripmap_id_49052","geonames_id_904563","0.978983748535954"
"opentripmap_id_112573","geonames_id_1050450","0.9568334963892094"
"opentripmap_id_5695","geonames_id_1239139","0.9570548782587562"
"opentripmap_id_89731","geonames_id_2103453","0.9789412509794123"
"opentripmap_id_23278","geonames_id_1410208","0.9789822532145961"
"opentripmap_id_130553","geonames_id_332268","0.9137802781197648"
"opentripmap_id_94378","geonames_id_361326","0.9789401735750852"
"opentripmap_id_95338","geonames_id_324286","0.8358598299464406"
"opentripmap_id_117001","geonames_id_2101234","0.9789206362708811"
"opentripmap_id_90071","geonames_id_540421","0.9789822868184669"
"opentripmap_id_86843","geonames_id_2626057","0.9134681290562099"
"opentripmap_id_88580","geonames_id_1230646","0.9789810770460036"
"opentripmap_id_63976","geonames_id_2617403","0.9789752288517953"
"opentripmap_id_11805","geonames_id_1235511","0.957023050111773"
"opentripmap_id_104267","geonames_id_505832","0.9789688410740247"
"opentripmap_id_122857","geonames_id_363919","0.9137748738292933"
"opentripmap_id_65249","geonames_id_2616044","0.8330220423867124"
"opentripmap_id_42976","geonames_id_663685","0.9789762036613893"
"opentripmap_id_128667","geonames_id_437828","0.9789713964129874"
"opentripmap_id_108935","geonames_id_900771","0.9789797327744616"
"opentripmap_id_5575","geonames_id_1235460","0.9789826228542812"
"opentripmap_id_90017","geonames_id_552179","0.9789173333892062"
"opentripmap_id_3371","geonames_id_533132","0.9789836981335587"
"opentripmap_id_24473","geonames_id_533137","0.9789822532145961"
"opentripmap_id_76005","geonames_id_1015969","0.9789563289781479"
"opentripmap_id_108924","geonames_id_548151","0.9789421263307155"
"opentripmap_id_92770","geonames_id_1229589","0.9789732790999207"
"opentripmap_id_14789","geonames_id_1239762","0.9789596258819504"
"opentripmap_id_28130","geonames_id_1232200","0.978978590077506"
"opentripmap_id_8885","geonames_id_2622613","0.9789521566611151"
"opentripmap_id_56699","geonames_id_1239655","0.9789830932955891"
"opentripmap_id_33505","geonames_id_664825","0.9569544827419413"
"opentripmap_id_98389","geonames_id_529754","0.9568484688421173"
"opentripmap_id_100882","geonames_id_2111227","0.9789732790999207"
"opentripmap_id_90144","geonames_id_468879","0.8313095046424069"
"opentripmap_id_120570","geonames_id_348370","0.8339739635357062"
"opentripmap_id_115050","geonames_id_482320","0.9789410489702093"
"opentripmap_id_21234","geonames_id_1232272","0.9789805393474816"
"opentripmap_id_130798","geonames_id_552326","0.9789763717275389"
"opentripmap_id_8873","geonames_id_2622613","0.9789477142728623"
"opentripmap_id_42894","geonames_id_1158622","0.8330006876430235"
"opentripmap_id_73306","geonames_id_1091338","0.9789716653783622"
"opentripmap_id_6376","geonames_id_671194","0.9570164667988363"
"opentripmap_id_10787","geonames_id_2626699","0.8337807589177193"
"opentripmap_id_120569","geonames_id_322110","0.9789783211988005"
"opentripmap_id_75710","geonames_id_793923","0.978979430301771"
"opentripmap_id_97561","geonames_id_489394","0.9568701768305788"
"opentripmap_id_14923","geonames_id_663926","0.9789812912815087"
"opentripmap_id_14982","geonames_id_1408127","0.9789443482164358"
"opentripmap_id_113664","geonames_id_544627","0.9789356613586173"
"opentripmap_id_45583","geonames_id_2629158","0.9789520893590464"
"opentripmap_id_24151","geonames_id_2569186","0.978980673773374"
"opentripmap_id_94601","geonames_id_904661","0.9789698834200286"
"opentripmap_id_497","geonames_id_890923","0.9789575233231166"
"opentripmap_id_113769","geonames_id_382810","0.8355921192559247"
"opentripmap_id_24996","geonames_id_2113823","0.9789706567408488"
"opentripmap_id_93737","geonames_id_532842","0.9789791278248214"
"opentripmap_id_30286","geonames_id_663793","0.9789725563021227"
"opentripmap_id_14696","geonames_id_1235697","0.9789396348526958"
"opentripmap_id_106464","geonames_id_534958","0.9789775145424916"
"opentripmap_id_16051","geonames_id_542803","0.9789742203815351"
"opentripmap_id_10141","geonames_id_2103454","0.9789821524026688"
"opentripmap_id_120470","geonames_id_90789","0.978934314245002"
"opentripmap_id_36208","geonames_id_2622476","0.978977312873682"
"opentripmap_id_77381","geonames_id_75549","0.978926297175871"
"opentripmap_id_7856","geonames_id_1410376","0.9789836309301811"
"opentripmap_id_91221","geonames_id_549586","0.9789744893115657"
"opentripmap_id_38141","geonames_id_78948","0.9789580111350811"
"opentripmap_id_124745","geonames_id_531142","0.9789832277054988"
"opentripmap_id_46171","geonames_id_1411326","0.9789726067306649"
"opentripmap_id_119558","geonames_id_346687","0.9142776982265604"
"opentripmap_id_31359","geonames_id_594251","0.9789355056029154"
"opentripmap_id_42258","geonames_id_660497","0.9789714300338435"
"opentripmap_id_22262","geonames_id_338220","0.9568083962927272"
"opentripmap_id_126584","geonames_id_371246","0.957011629465384"
"opentripmap_id_31404","geonames_id_1235668","0.9789812786794793"
"opentripmap_id_130553","geonames_id_346335","0.8322719587627482"
"opentripmap_id_56122","geonames_id_2617470","0.9789716653783622"
"opentripmap_id_78294","geonames_id_2626551","0.9570783656041219"
"opentripmap_id_102368","geonames_id_164179","0.8338093889877124"
"opentripmap_id_105927","geonames_id_539302","0.9789784892483858"
"opentripmap_id_36682","geonames_id_439996","0.9789526950700845"
"opentripmap_id_36714","geonames_id_543170","0.9789796655586761"
"opentripmap_id_124581","geonames_id_447443","0.9141808828016463"
"opentripmap_id_101194","geonames_id_660193","0.978976069207523"
"opentripmap_id_10094","geonames_id_2115679","0.9789672270191824"
"opentripmap_id_125369","geonames_id_2139928","0.9789374798282912"
"opentripmap_id_119415","geonames_id_544107","0.9789838997424302"
"opentripmap_id_24839","geonames_id_2109365","0.9569975176062055"
"opentripmap_id_31092","geonames_id_1393822","0.9570304383975458"
"opentripmap_id_80815","geonames_id_2629799","0.833281305435866"
"opentripmap_id_8236","geonames_id_897699","0.9789819843817389"
"opentripmap_id_8968","geonames_id_2613534","0.9127937111237491"
"opentripmap_id_30960","geonames_id_1410245","0.9789592222066007"
"opentripmap_id_86674","geonames_id_2624984","0.9789812786794793"
"opentripmap_id_90018","geonames_id_552179","0.9789037795340637"
"opentripmap_id_108934","geonames_id_900771","0.9789700683471041"
"opentripmap_id_21964","geonames_id_588234","0.913144077465837"
"opentripmap_id_122763","geonames_id_498499","0.9789801360647573"
"opentripmap_id_102711","geonames_id_660177","0.9789452907653152"
"opentripmap_id_44035","geonames_id_874758","0.9789731950549142"
"opentripmap_id_41540","geonames_id_2617463","0.9789537718475938"
"opentripmap_id_112579","geonames_id_523053","0.8361151060994959"
"opentripmap_id_81636","geonames_id_1390516","0.9789818163594943"
"opentripmap_id_16057","geonames_id_548772","0.9565613781967868"
"opentripmap_id_32832","geonames_id_660113","0.9789664199463078"
"opentripmap_id_115388","geonames_id_343439","0.9789553869127895"
"opentripmap_id_103657","geonames_id_495584","0.9789786572966566"
"opentripmap_id_124804","geonames_id_529647","0.8322502994037247"
"opentripmap_id_85886","geonames_id_2626397","0.9568666718988794"
"opentripmap_id_131735","geonames_id_504908","0.9132331521408406"
"opentripmap_id_98069","geonames_id_479070","0.9789714636546467"
"opentripmap_id_8621","geonames_id_2613825","0.9789833621145673"
"opentripmap_id_115399","geonames_id_336134","0.9570151231472506"
"opentripmap_id_24569","geonames_id_1224486","0.978974623775319"
"opentripmap_id_89586","geonames_id_460694","0.9570543412616705"
"opentripmap_id_4745","geonames_id_540772","0.9789781867581855"
"opentripmap_id_33170","geonames_id_1238426","0.978980404920748"
"opentripmap_id_127410","geonames_id_513313","0.978978455638574"
"opentripmap_id_124567","geonames_id_434392","0.9139458608077344"
"opentripmap_id_42811","geonames_id_1220207","0.9789818163594943"
"opentripmap_id_9395","geonames_id_1002907","0.9789755649980305"
"opentripmap_id_116581","geonames_id_542865","0.9789812786794793"
"opentripmap_id_23077","geonames_id_533206","0.9789805729540335"
"opentripmap_id_8940","geonames_id_2622339","0.978948925924274"
"opentripmap_id_53447","geonames_id_531290","0.9789196589402757"
"opentripmap_id_46560","geonames_id_468402","0.9789799680280542"
"opentripmap_id_115401","geonames_id_336134","0.9789802032790705"
"opentripmap_id_50412","geonames_id_2622677","0.9789617114172013"
"opentripmap_id_22295","geonames_id_660327","0.9789819507773949"
"opentripmap_id_8872","geonames_id_2622613","0.978980404920748"
"opentripmap_id_22977","geonames_id_425303","0.9789838997424302"
"opentripmap_id_44990","geonames_id_1220255","0.9789791278248214"
"opentripmap_id_121474","geonames_id_337116","0.9789552523286552"
"opentripmap_id_105953","geonames_id_495178","0.9789477815886198"
"opentripmap_id_5723","geonames_id_1239139","0.9568221625869804"
"opentripmap_id_34384","geonames_id_2113736","0.9789814131007448"
"opentripmap_id_126010","geonames_id_509125","0.978979262259547"
"opentripmap_id_127568","geonames_id_369136","0.9788985850028434"
"opentripmap_id_39330","geonames_id_895026","0.9789836309301811"
"opentripmap_id_59339","geonames_id_406123","0.9789678995567633"
"opentripmap_id_59605","geonames_id_2629018","0.8343304889443943"
"opentripmap_id_77797","geonames_id_2626194","0.9567932755344035"
"opentripmap_id_84592","geonames_id_2627718","0.835620835334769"
"opentripmap_id_15243","geonames_id_1411964","0.9789355266510491"
"opentripmap_id_12633","geonames_id_667501","0.9789688852066346"
"opentripmap_id_106677","geonames_id_552480","0.9789814803110621"
"opentripmap_id_21985","geonames_id_667523","0.9569030560167212"
"opentripmap_id_20836","geonames_id_666593","0.9789133894897611"
"opentripmap_id_86607","geonames_id_1390094","0.9789538391443983"
"opentripmap_id_108466","geonames_id_457958","0.9566245803210852"
"opentripmap_id_743","geonames_id_667473","0.9789824884405862"
"opentripmap_id_110551","geonames_id_493879","0.9130375454600523"
"opentripmap_id_114191","geonames_id_493791","0.9789802032790705"
"opentripmap_id_38375","geonames_id_546893","0.9789826900608131"
"opentripmap_id_38363","geonames_id_546893","0.9568720639888434"
"opentripmap_id_131192","geonames_id_401132","0.9789789933892546"
"opentripmap_id_115501","geonames_id_1015303","0.9789765061795122"
"opentripmap_id_124433","geonames_id_543742","0.9789670252538047"
"opentripmap_id_110831","geonames_id_859415","0.9567730820348894"
"opentripmap_id_98132","geonames_id_442690","0.9138643910724341"
"opentripmap_id_42727","geonames_id_1409102","0.9789835973284132"
"opentripmap_id_18262","geonames_id_545235","0.978979262259547"
"opentripmap_id_118616","geonames_id_421097","0.9126453952139831"
"opentripmap_id_102360","geonames_id_445088","0.9789722705381478"
"opentripmap_id_125942","geonames_id_368569","0.9789666217173675"
"opentripmap_id_51140","geonames_id_1169442","0.9789836981335587"
"opentripmap_id_112705","geonames_id_427945","0.97894320363729"
"opentripmap_id_45582","geonames_id_2629158","0.9789666217173675"
"opentripmap_id_131705","geonames_id_405699","0.9131228323394921"
"opentripmap_id_7939","geonames_id_1411801","0.9789830596929803"
"opentripmap_id_3264","geonames_id_535728","0.9789685720733015"
"opentripmap_id_90427","geonames_id_531877","0.9789483201070981"
"opentripmap_id_123009","geonames_id_325222","0.9789814803110621"
"opentripmap_id_90926","geonames_id_1224706","0.9789807409860047"
"opentripmap_id_33989","geonames_id_537119","0.9789816147310658"
"opentripmap_id_121186","geonames_id_515271","0.9789791278248214"
"opentripmap_id_64001","geonames_id_899375","0.9789554710274456"
"opentripmap_id_4665","geonames_id_547430","0.9570090762186692"
"opentripmap_id_41144","geonames_id_1409650","0.9789658482513537"
"opentripmap_id_130415","geonames_id_2631494","0.8316308108728884"
"opentripmap_id_38316","geonames_id_536970","0.9789765734051833"
"opentripmap_id_55931","geonames_id_906036","0.9789571868946247"
"opentripmap_id_107630","geonames_id_539027","0.9789660163985067"
"opentripmap_id_62523","geonames_id_1394196","0.9570360795443147"
"opentripmap_id_3254","geonames_id_535728","0.978955050450875"
"opentripmap_id_6467","geonames_id_644530","0.9789791950422895"
"opentripmap_id_96021","geonames_id_337798","0.978975901139007"
"opentripmap_id_89519","geonames_id_2108077","0.9789829588848383"
"opentripmap_id_6576","geonames_id_644535","0.9789794639100581"
"opentripmap_id_8867","geonames_id_2622613","0.978975161621917"
"opentripmap_id_113041","geonames_id_420079","0.9789592222066007"
"opentripmap_id_117160","geonames_id_399154","0.9570632008935145"
"opentripmap_id_41710","geonames_id_2623971","0.9789316871309879"
"opentripmap_id_6410","geonames_id_599531","0.9789799344205558"
"opentripmap_id_117030","geonames_id_319702","0.9789488586120969"
"opentripmap_id_123792","geonames_id_529587","0.9142756502484849"
"opentripmap_id_126100","geonames_id_1085332","0.957013241967636"
"opentripmap_id_2448","geonames_id_1146598","0.9789290596963968"
"opentripmap_id_39493","geonames_id_1001949","0.9789775817650076"
"opentripmap_id_57936","geonames_id_2112978","0.9789611059600641"
"opentripmap_id_115972","geonames_id_2065709","0.9789678995567633"
"opentripmap_id_31731","geonames_id_548971","0.9127078718002054"
"opentripmap_id_126081","geonames_id_522717","0.8318296658427282"
"opentripmap_id_25138","geonames_id_854776","0.834097393515723"
"opentripmap_id_42992","geonames_id_662319","0.978981211468531"
"opentripmap_id_26052","geonames_id_82255","0.8354736228366781"
"opentripmap_id_15998","geonames_id_532463","0.9789777162094083"
"opentripmap_id_48977","geonames_id_895028","0.9789736825113757"
"opentripmap_id_4145","geonames_id_1065008","0.9789704550076654"
"opentripmap_id_66678","geonames_id_777346","0.8323869439435758"
"opentripmap_id_47818","geonames_id_1153755","0.9789834965227947"
"opentripmap_id_120109","geonames_id_532705","0.9789797999900367"
"opentripmap_id_131729","geonames_id_418064","0.978966957998258"
"opentripmap_id_41196","geonames_id_85004","0.9789767078558943"
"opentripmap_id_42962","geonames_id_663689","0.9789832613078447"
"opentripmap_id_89580","geonames_id_548529","0.9789796655586761"
"opentripmap_id_31743","geonames_id_548971","0.9130056406422221"
"opentripmap_id_4056","geonames_id_1064145","0.9789782539785983"
"opentripmap_id_77257","geonames_id_2112272","0.9789801360647573"
"opentripmap_id_79933","geonames_id_2626765","0.8339916008919549"
"opentripmap_id_24870","geonames_id_2113807","0.9789713964129874"
"opentripmap_id_130424","geonames_id_347198","0.978955857950627"
"opentripmap_id_34774","geonames_id_443353","0.9789672942738875"
"opentripmap_id_118099","geonames_id_549669","0.9789433719615708"
"opentripmap_id_120907","geonames_id_537036","0.9789838325396834"
"opentripmap_id_94526","geonames_id_621517","0.9569427755288284"
"opentripmap_id_31742","geonames_id_548971","0.9130976948385418"
"opentripmap_id_102715","geonames_id_665006","0.9568051565556538"
"opentripmap_id_17363","geonames_id_667413","0.9789781867581855"
"opentripmap_id_86908","geonames_id_2627754","0.8338088232142995"
"opentripmap_id_16242","geonames_id_532440","0.9789785564678518"
"opentripmap_id_16102","geonames_id_532464","0.9789782539785983"
"opentripmap_id_4817","geonames_id_539251","0.9789732790999207"
"opentripmap_id_88223","geonames_id_660571","0.9789834713213162"
"opentripmap_id_39174","geonames_id_2115389","0.9789731446277524"
"opentripmap_id_47888","geonames_id_1037404","0.8324651981207686"
"opentripmap_id_81528","geonames_id_2627672","0.9789838997424302"
"opentripmap_id_5299","geonames_id_1232377","0.9789791278248214"
"opentripmap_id_1556","geonames_id_660055","0.9789716317578745"
"opentripmap_id_34487","geonames_id_533243","0.9789794639100581"
"opentripmap_id_86421","geonames_id_2627449","0.978944415542725"
"opentripmap_id_60","geonames_id_890965","0.9789575233231166"
"opentripmap_id_19564","geonames_id_416023","0.9789814803110621"
"opentripmap_id_16793","geonames_id_531282","0.9789694463133429"
"opentripmap_id_17607","geonames_id_517096","0.9789791278248214"
"opentripmap_id_56691","geonames_id_1228375","0.9789765734051833"
"opentripmap_id_113999","geonames_id_537867","0.9789651420189474"
"opentripmap_id_1922","geonames_id_666416","0.913403173896009"
"opentripmap_id_108995","geonames_id_321237","0.9789534353604128"
"opentripmap_id_4941","geonames_id_1411977","0.97896150960005"
"opentripmap_id_16172","geonames_id_532387","0.9789838997424302"
"opentripmap_id_118525","geonames_id_549634","0.978981211468531"
"opentripmap_id_7808","geonames_id_1410085","0.9569839391669887"
"opentripmap_id_10758","geonames_id_2626699","0.978938153296595"
"opentripmap_id_125349","geonames_id_426507","0.8328143089695127"
"opentripmap_id_112214","geonames_id_320504","0.9789731446277524"
"opentripmap_id_115809","geonames_id_350886","0.8311917532848889"
"opentripmap_id_43288","geonames_id_1409828","0.9789764389536307"
"opentripmap_id_124022","geonames_id_1091407","0.9789642339717598"
"opentripmap_id_92801","geonames_id_1224641","0.9789804721342201"
"opentripmap_id_109754","geonames_id_321331","0.9568750293639477"
"opentripmap_id_118860","geonames_id_547586","0.9566310854219665"
"opentripmap_id_132254","geonames_id_412768","0.9789154458009021"
"opentripmap_id_85607","geonames_id_2630032","0.9789838997424302"
"opentripmap_id_87392","geonames_id_2628724","0.8331015355310876"
"opentripmap_id_2391","geonames_id_1219365","0.9789748254693711"
"opentripmap_id_36637","geonames_id_539797","0.978978455638574"
"opentripmap_id_45311","geonames_id_404938","0.9789413183153921"
"opentripmap_id_47273","geonames_id_1223390","0.9789833621145673"
"opentripmap_id_120507","geonames_id_390104","0.9789738842142635"
"opentripmap_id_45901","geonames_id_1223479","0.978977312873682"
"opentripmap_id_61827","geonames_id_904690","0.978966554460558"
"opentripmap_id_86364","geonames_id_2626469","0.9789838997424302"
"opentripmap_id_18222","geonames_id_545237","0.9789828916791475"
"opentripmap_id_37504","geonames_id_1231569","0.9789810098344243"
"opentripmap_id_5116","geonames_id_1390828","0.9789418569956452"
"opentripmap_id_87574","geonames_id_2626963","0.9789838997424302"
"opentripmap_id_90553","geonames_id_345829","0.8312087098503256"
"opentripmap_id_118087","geonames_id_375905","0.9789336406565832"
"opentripmap_id_8552","geonames_id_1409346","0.9789821524026688"
"opentripmap_id_84072","geonames_id_2625907","0.9565753553286241"
"opentripmap_id_45015","geonames_id_1220257","0.9789802032790705"
"opentripmap_id_127177","geonames_id_380777","0.978976842305764"
"opentripmap_id_8878","geonames_id_2622613","0.9789594240452227"
"opentripmap_id_114632","geonames_id_335189","0.9789518874515766"
"opentripmap_id_25825","geonames_id_2139543","0.9789726067306649"
"opentripmap_id_7115","geonames_id_571006","0.9789754305401676"
"opentripmap_id_103540","geonames_id_402695","0.8327078622524404"
"opentripmap_id_116477","geonames_id_85724","0.9789795983426803"
"opentripmap_id_56069","geonames_id_766335","0.8329429734778744"
"opentripmap_id_94662","geonames_id_2112855","0.9789613077810043"
"opentripmap_id_78671","geonames_id_239015","0.9789771448148945"
"opentripmap_id_56705","geonames_id_1234813","0.9789828916791475"
"opentripmap_id_104145","geonames_id_435898","0.9567414621446632"
"opentripmap_id_81049","geonames_id_2629175","0.8321232622286155"
"opentripmap_id_89518","geonames_id_2108077","0.97898201798603"
"opentripmap_id_40125","geonames_id_874803","0.9789640994429885"
"opentripmap_id_40655","geonames_id_1223210","0.9789832949101381"
"opentripmap_id_15099","geonames_id_1410037","0.9789758002972662"
"opentripmap_id_95505","geonames_id_459589","0.9139585761200512"
"opentripmap_id_87262","geonames_id_2627727","0.9565952958382993"
"opentripmap_id_48978","geonames_id_895028","0.9789762204680635"
"opentripmap_id_86640","geonames_id_2625680","0.9789838997424302"
"opentripmap_id_107024","geonames_id_348608","0.8351986628117221"
"opentripmap_id_106425","geonames_id_416759","0.9789534353604128"
"opentripmap_id_96891","geonames_id_2115222","0.978981211468531"
"opentripmap_id_3129","geonames_id_83078","0.9789563289781479"
"opentripmap_id_40770","geonames_id_660599","0.9789748086616056"
"opentripmap_id_35373","geonames_id_2113916","0.9789807409860047"
"opentripmap_id_90922","geonames_id_1236826","0.8340318446233649"
"opentripmap_id_28188","geonames_id_1169039","0.9789758339112322"
"opentripmap_id_46433","geonames_id_2111530","0.9789785228581451"
"opentripmap_id_98791","geonames_id_550226","0.9789670925091409"
"opentripmap_id_86084","geonames_id_2139558","0.9789810770460036"
"opentripmap_id_122141","geonames_id_549508","0.9789468054895214"
"opentripmap_id_117275","geonames_id_422561","0.9789742203815351"
"opentripmap_id_110613","geonames_id_660678","0.9789798167938975"
"opentripmap_id_103429","geonames_id_1053644","0.9789443482164358"
"opentripmap_id_21281","geonames_id_1232276","0.978977917874432"
"opentripmap_id_130423","geonames_id_347198","0.956693920064838"
"opentripmap_id_95505","geonames_id_529307","0.9125536897432983"
"opentripmap_id_65269","geonames_id_2592981","0.9124154462750711"
"opentripmap_id_104402","geonames_id_537817","0.9789403755925048"
"opentripmap_id_114442","geonames_id_529632","0.9139152857181784"
"opentripmap_id_21928","geonames_id_1219175","0.9789765061795122"
"opentripmap_id_89060","geonames_id_1214564","0.9789745565435477"
"opentripmap_id_115529","geonames_id_537344","0.9789498009634117"
"opentripmap_id_94525","geonames_id_621517","0.9789831941031002"
"opentripmap_id_1694","geonames_id_613155","0.956897836023926"
"opentripmap_id_7189","geonames_id_569667","0.9789351898784405"
"opentripmap_id_55670","geonames_id_890970","0.9789831941031002"
"opentripmap_id_10297","geonames_id_2115516","0.97898201798603"
"opentripmap_id_121634","geonames_id_529459","0.8358768582933674"
"opentripmap_id_98008","geonames_id_485761","0.9789526277697003"
"opentripmap_id_86641","geonames_id_2624964","0.9568693680243265"
"opentripmap_id_6631","geonames_id_1091521","0.9789583811919486"
"opentripmap_id_88574","geonames_id_1219961","0.9789795983426803"
"opentripmap_id_34488","geonames_id_533243","0.9789797327744616"
"opentripmap_id_26868","geonames_id_158827","0.8313609144072046"
"opentripmap_id_43547","geonames_id_1153197","0.9137699839688095"
"opentripmap_id_70758","geonames_id_2615023","0.832611831817979"
"opentripmap_id_87034","geonames_id_1388012","0.9789504067388887"
"opentripmap_id_123545","geonames_id_96025","0.9789834965227947"
"opentripmap_id_31801","geonames_id_660172","0.9789657473624305"
"opentripmap_id_5298","geonames_id_1232377","0.9789766406306439"
"opentripmap_id_125694","geonames_id_360459","0.9789761028210685"
"opentripmap_id_83046","geonames_id_1389527","0.9789703877628501"
"opentripmap_id_122291","geonames_id_533241","0.978973346335689"
"opentripmap_id_90796","geonames_id_428003","0.9567327419415456"
"opentripmap_id_33175","geonames_id_1232083","0.9789724050157859"
"opentripmap_id_1994","geonames_id_664707","0.9789836813327341"
"opentripmap_id_86837","geonames_id_2625926","0.9569965766582993"
"opentripmap_id_127975","geonames_id_1054309","0.8326973966182286"
"opentripmap_id_25024","geonames_id_2111573","0.9789830932955891"
"opentripmap_id_99877","geonames_id_536981","0.9789783884187924"
"opentripmap_id_39178","geonames_id_2111623","0.9135842409579332"
"opentripmap_id_3266","geonames_id_535728","0.9789540410335487"
"opentripmap_id_99211","geonames_id_2111815","0.9789716653783622"
"opentripmap_id_45911","geonames_id_1223478","0.9789838997424302"
"opentripmap_id_130582","geonames_id_2617808","0.9789724722542893"
"opentripmap_id_58387","geonames_id_667535","0.9567791627688244"
"opentripmap_id_119","geonames_id_874739","0.9789831941031002"
"opentripmap_id_51589","geonames_id_859165","0.9568293140072633"
"opentripmap_id_33879","geonames_id_697335","0.833291741856293"
"opentripmap_id_89789","geonames_id_1220433","0.978966756230355"
"opentripmap_id_31413","geonames_id_1235692","0.8311802953776191"
"opentripmap_id_89413","geonames_id_1134298","0.8352521561328347"
"opentripmap_id_7907","geonames_id_1410461","0.978982555647539"
"opentripmap_id_82390","geonames_id_2626813","0.9567986763853827"
"opentripmap_id_12767","geonames_id_634743","0.9567206432609344"
"opentripmap_id_63961","geonames_id_2617402","0.978941520322067"
"opentripmap_id_97965","geonames_id_905502","0.9789783380038181"
"opentripmap_id_38552","geonames_id_646390","0.9789797495783751"
"opentripmap_id_35730","geonames_id_663222","0.9789731157371379"
"opentripmap_id_85982","geonames_id_1388552","0.9568855413977762"
"opentripmap_id_45605","geonames_id_2627016","0.9569739880085233"
"opentripmap_id_119943","geonames_id_348774","0.9129264813779913"
"opentripmap_id_29447","geonames_id_569972","0.8335116925123176"
"opentripmap_id_4747","geonames_id_554901","0.9789719343403709"
"opentripmap_id_37481","geonames_id_1236598","0.9789830932955891"
"opentripmap_id_5728","geonames_id_1239139","0.9135633512314552"
"opentripmap_id_99639","geonames_id_660940","0.9789767834840495"
"opentripmap_id_59753","geonames_id_2622796","0.9789787245155969"
"opentripmap_id_55530","geonames_id_890973","0.9789827740686824"
"opentripmap_id_31721","geonames_id_548971","0.9788876521622694"
"opentripmap_id_8865","geonames_id_2622613","0.9789578092831963"
"opentripmap_id_10277","geonames_id_2115516","0.9569604024737537"
"opentripmap_id_132137","geonames_id_334116","0.8316930017644388"
"opentripmap_id_87072","geonames_id_2626980","0.832333960578107"
"opentripmap_id_106072","geonames_id_550311","0.9789717998597873"
"opentripmap_id_130249","geonames_id_392068","0.9142659217470929"
"opentripmap_id_129431","geonames_id_487848","0.9569320075918094"
"opentripmap_id_127565","geonames_id_537534","0.9789537718475938"
"opentripmap_id_108993","geonames_id_321237","0.9567569380618932"
"opentripmap_id_76286","geonames_id_2624269","0.9789724722542893"
"opentripmap_id_24658","geonames_id_540429","0.9789824884405862"
"opentripmap_id_2232","geonames_id_1169165","0.9789746910068802"
"opentripmap_id_122140","geonames_id_549508","0.9789818499640482"
"opentripmap_id_15305","geonames_id_1409717","0.9789819843817389"
"opentripmap_id_13382","geonames_id_540755","0.9789476469568942"
"opentripmap_id_92796","geonames_id_1224638","0.9789674287826662"
"opentripmap_id_86994","geonames_id_2627744","0.9789699842895397"
"opentripmap_id_16157","geonames_id_532447","0.9789700851585774"
"opentripmap_id_41534","geonames_id_2619015","0.9789832277054988"
"opentripmap_id_107515","geonames_id_306623","0.9789821524026688"
"opentripmap_id_49118","geonames_id_533999","0.9789750943918286"
"opentripmap_id_16406","geonames_id_901635","0.9789739514481385"
"opentripmap_id_3791","geonames_id_2074371","0.9789493297929142"
"opentripmap_id_106426","geonames_id_416759","0.9788946039307984"
"opentripmap_id_113732","geonames_id_536503","0.9137352329912224"
"opentripmap_id_125972","geonames_id_785255","0.9789540746815562"
"opentripmap_id_85637","geonames_id_2625366","0.913312834892778"
"opentripmap_id_31745","geonames_id_548971","0.9129506253676993"
"opentripmap_id_46156","geonames_id_1408542","0.9789794639100581"
"opentripmap_id_23375","geonames_id_1409879","0.9789836309301811"
"opentripmap_id_43308","geonames_id_1409856","0.9789734471889473"
"opentripmap_id_88509","geonames_id_411123","0.9789714636546467"
"opentripmap_id_49608","geonames_id_337558","0.9789817491502284"
"opentripmap_id_16948","geonames_id_511604","0.9568889774934473"
"opentripmap_id_43558","geonames_id_1160589","0.9569301229384473"
"opentripmap_id_39172","geonames_id_2115389","0.9789571364298971"
"opentripmap_id_79205","geonames_id_1344929","0.834881012326459"
"opentripmap_id_131692","geonames_id_531256","0.8348292238977518"
"opentripmap_id_129500","geonames_id_457878","0.95707313234416"
"opentripmap_id_2405","geonames_id_1240153","0.9789818163594943"
"opentripmap_id_123263","geonames_id_488258","0.97898201798603"
"opentripmap_id_23330","geonames_id_1409188","0.9789782875887255"
"opentripmap_id_39413","geonames_id_1408568","0.9566581122690098"
"opentripmap_id_132212","geonames_id_345676","0.83538380716755"
"opentripmap_id_122099","geonames_id_320007","0.9789817491502284"
"opentripmap_id_122740","geonames_id_2111219","0.9789838997424302"
"opentripmap_id_46419","geonames_id_2111529","0.9789522912646209"
"opentripmap_id_124572","geonames_id_246473","0.8343128804399101"
"opentripmap_id_108268","geonames_id_1226175","0.9789796655586761"
"opentripmap_id_126899","geonames_id_2640109","0.9789541756252628"
"opentripmap_id_127459","geonames_id_348736","0.8334686276911647"
"opentripmap_id_111013","geonames_id_347582","0.831207793313925"
"opentripmap_id_12391","geonames_id_1232349","0.9789813122848745"
"opentripmap_id_43354","geonames_id_1231895","0.9789777162094083"
"opentripmap_id_106483","geonames_id_421116","0.9131422640410359"
"opentripmap_id_12317","geonames_id_1143016","0.9789830596929803"
"opentripmap_id_8724","geonames_id_2613731","0.9789148390409725"
"opentripmap_id_50118","geonames_id_862958","0.9789774137083236"
"opentripmap_id_124550","geonames_id_684943","0.9789747582382307"
"opentripmap_id_88908","geonames_id_415865","0.8318022487153944"
"opentripmap_id_128327","geonames_id_2046346","0.9789482527930254"
"opentripmap_id_111657","geonames_id_429789","0.8327533589279064"
"opentripmap_id_85","geonames_id_897739","0.9789745229275831"
"opentripmap_id_114537","geonames_id_499315","0.9789604332099151"
"opentripmap_id_131560","geonames_id_604809","0.957001986840237"
"opentripmap_id_16157","geonames_id_532380","0.9789700851585774"
"opentripmap_id_8590","geonames_id_1403324","0.9789838997424302"
"opentripmap_id_8876","geonames_id_2622613","0.9789833621145673"
"opentripmap_id_27907","geonames_id_1229753","0.9789824884405862"
"opentripmap_id_12599","geonames_id_772331","0.9136064151706332"
"opentripmap_id_31427","geonames_id_1235692","0.9789799344205558"
"opentripmap_id_12357","geonames_id_1164126","0.978930070286103"
"opentripmap_id_97737","geonames_id_2113166","0.9789630231825099"
"opentripmap_id_87371","geonames_id_2625423","0.9567757183159147"
"opentripmap_id_86912","geonames_id_2628011","0.8331060770822927"
"opentripmap_id_6802","geonames_id_1067852","0.9569584517389385"
"opentripmap_id_114000","geonames_id_537867","0.9789817155455167"
"opentripmap_id_127310","geonames_id_397131","0.8307141215132531"
"opentripmap_id_50105","geonames_id_862958","0.9789805057408772"
"opentripmap_id_12316","geonames_id_1143016","0.9789729092994334"
"opentripmap_id_79424","geonames_id_2629087","0.8337789481876506"
"opentripmap_id_93663","geonames_id_548945","0.9789814131007448"
"opentripmap_id_42991","geonames_id_644435","0.9789345163174182"
"opentripmap_id_122412","geonames_id_537323","0.9789658818808895"
"opentripmap_id_89034","geonames_id_544305","0.978974018681803"
"opentripmap_id_41524","geonames_id_2619286","0.9789818835685498"
"opentripmap_id_31720","geonames_id_548971","0.9568056965279459"
"opentripmap_id_76287","geonames_id_2624269","0.9135256865965571"
"opentripmap_id_84056","geonames_id_2627015","0.956739501935149"
"opentripmap_id_1135","geonames_id_543844","0.9789782539785983"
"opentripmap_id_49626","geonames_id_317795","0.9789617114172013"
"opentripmap_id_34584","geonames_id_1037713","0.8342415280746621"
"opentripmap_id_30950","geonames_id_1410227","0.9789686729489673"
"opentripmap_id_16212","geonames_id_532428","0.9789827572671349"
"opentripmap_id_18132","geonames_id_545244","0.9789830260903188"
"opentripmap_id_36041","geonames_id_667258","0.9568670426256713"
"opentripmap_id_112278","geonames_id_553910","0.9789829588848383"
"opentripmap_id_104699","geonames_id_449965","0.9789836981335587"
"opentripmap_id_102471","geonames_id_2081763","0.9569188133642057"
"opentripmap_id_25137","geonames_id_854776","0.8341102748244924"
"opentripmap_id_31744","geonames_id_548971","0.9129547785617225"
"opentripmap_id_72842","geonames_id_336114","0.956742881553785"
"opentripmap_id_24633","geonames_id_1224483","0.9789567999953526"
"opentripmap_id_6402","geonames_id_599531","0.9789233658215146"
"opentripmap_id_49609","geonames_id_337558","0.9789672942738875"
"opentripmap_id_2067","geonames_id_1146606","0.9789828916791475"
"opentripmap_id_9351","geonames_id_1002912","0.9789670925091409"
"opentripmap_id_117365","geonames_id_337835","0.913975142003621"
"opentripmap_id_126189","geonames_id_528331","0.8332940105741868"
"opentripmap_id_130223","geonames_id_473458","0.9789310134603735"
"opentripmap_id_66915","geonames_id_2625266","0.9789678323039522"
"opentripmap_id_126393","geonames_id_478942","0.9789749599310205"
"opentripmap_id_45326","geonames_id_902995","0.9789814467059297"
"opentripmap_id_123262","geonames_id_488258","0.9569431792764471"
"opentripmap_id_128071","geonames_id_323741","0.9136020323046071"
"opentripmap_id_24748","geonames_id_459587","0.9130546607537433"
"opentripmap_id_10245","geonames_id_2115415","0.9789795983426803"
"opentripmap_id_48659","geonames_id_2113969","0.978956833639044"
"opentripmap_id_115372","geonames_id_537347","0.9568597960505189"
"opentripmap_id_98300","geonames_id_901770","0.9789769263365053"
"opentripmap_id_8882","geonames_id_2622410","0.9789622495870101"
"opentripmap_id_94082","geonames_id_1235631","0.9789819507773949"
"opentripmap_id_115231","geonames_id_542940","0.9789782539785983"
"opentripmap_id_42816","geonames_id_1220207","0.9789831605006492"
"opentripmap_id_78277","geonames_id_372807","0.9567647753738958"
"opentripmap_id_7584","geonames_id_532416","0.9789831941031002"
"opentripmap_id_111117","geonames_id_552258","0.978980404920748"
"opentripmap_id_109741","geonames_id_321331","0.9789800016354999"
"opentripmap_id_129359","geonames_id_455104","0.978974623775319"
"opentripmap_id_126185","geonames_id_549954","0.9789621150458206"
"opentripmap_id_43552","geonames_id_1159595","0.9789836981335587"
"opentripmap_id_42881","geonames_id_1231919","0.9789102540803838"
"opentripmap_id_113730","geonames_id_447142","0.9789806065605329"
"opentripmap_id_125401","geonames_id_371509","0.9789196252384295"
"opentripmap_id_130266","geonames_id_548303","0.9789646039215404"
"opentripmap_id_3268","geonames_id_535728","0.9789433382968201"
"opentripmap_id_62515","geonames_id_1397693","0.8342446897765962"
"opentripmap_id_96283","geonames_id_494653","0.9789510124973076"
"opentripmap_id_32439","geonames_id_535694","0.9789652092801762"
"opentripmap_id_60011","geonames_id_562817","0.9570571604248213"
"opentripmap_id_51244","geonames_id_1157494","0.91403675712624"
"opentripmap_id_18413","geonames_id_431617","0.9788889346958379"
"opentripmap_id_27738","geonames_id_1168720","0.9789824212334235"
"opentripmap_id_131767","geonames_id_367342","0.8337794008716483"
"opentripmap_id_6881","geonames_id_570537","0.9789265667056686"
"opentripmap_id_104361","geonames_id_452618","0.978976069207523"
"opentripmap_id_123000","geonames_id_482034","0.834050381241086"
"opentripmap_id_6527","geonames_id_646940","0.9789828580762231"
"opentripmap_id_106556","geonames_id_394264","0.9566016695310183"
"opentripmap_id_87616","geonames_id_2626297","0.9789836309301811"
"opentripmap_id_129288","geonames_id_549312","0.9569437176009808"
"opentripmap_id_43595","geonames_id_2111846","0.9789797999900367"
"opentripmap_id_71852","geonames_id_906028","0.978963813566554"
"opentripmap_id_77","geonames_id_831797","0.9789765734051833"
"opentripmap_id_96772","geonames_id_549266","0.978974623775319"
"opentripmap_id_33184","geonames_id_1170412","0.9789543775112545"
"opentripmap_id_31723","geonames_id_548971","0.9565497046804836"
"opentripmap_id_87449","geonames_id_2625809","0.913012645045862"
"opentripmap_id_25466","geonames_id_536907","0.9789824884405862"
"opentripmap_id_3258","geonames_id_535728","0.9789708584721387"
"opentripmap_id_96933","geonames_id_362135","0.8305588090737884"
"opentripmap_id_89858","geonames_id_2055421","0.9568620881162595"
"opentripmap_id_73683","geonames_id_2081122","0.9568704464294444"
"opentripmap_id_48239","geonames_id_64658","0.9789838997424302"
"opentripmap_id_131197","geonames_id_536647","0.9132370343293494"
"opentripmap_id_64","geonames_id_890965","0.9789805897572899"
"opentripmap_id_91335","geonames_id_536602","0.9789838997424302"
"opentripmap_id_3461","geonames_id_535733","0.9789553196208277"
"opentripmap_id_93727","geonames_id_506121","0.9789795983426803"
"opentripmap_id_109710","geonames_id_321331","0.9569307960379752"
"opentripmap_id_51185","geonames_id_1141376","0.9567039330674995"
"opentripmap_id_87353","geonames_id_2626204","0.8340639435692064"
"opentripmap_id_15901","geonames_id_890999","0.9789738926185093"
"opentripmap_id_62533","geonames_id_1409562","0.9789712114973395"
"opentripmap_id_114046","geonames_id_319991","0.9789597604387161"
"opentripmap_id_30198","geonames_id_628762","0.9570121333785435"
"opentripmap_id_90793","geonames_id_428003","0.9569311998928697"
"opentripmap_id_112151","geonames_id_432366","0.9789607695876209"
"opentripmap_id_10064","geonames_id_2115688","0.913696348353321"
"opentripmap_id_127074","geonames_id_475751","0.9569624203864341"
"opentripmap_id_31747","geonames_id_548971","0.9128550524156906"
"opentripmap_id_5338","geonames_id_1169456","0.9789767750809342"
"opentripmap_id_33167","geonames_id_1232084","0.9789834965227947"
"opentripmap_id_11439","geonames_id_1390210","0.9789403755925048"
"opentripmap_id_25679","geonames_id_1223595","0.9789440115818302"
"opentripmap_id_39188","geonames_id_2113571","0.9789838325396834"
"opentripmap_id_109909","geonames_id_549847","0.9789650074958585"
"opentripmap_id_109886","geonames_id_551676","0.978943944254277"
"opentripmap_id_122380","geonames_id_52498","0.9789838997424302"
"opentripmap_id_7532","geonames_id_531208","0.9569803085936148"
"opentripmap_id_95369","geonames_id_337674","0.9789423283298062"
"opentripmap_id_131972","geonames_id_337404","0.9789178726697798"
"opentripmap_id_18960","geonames_id_178200","0.9789798335977453"
"opentripmap_id_126272","geonames_id_457812","0.9789824212334235"
"opentripmap_id_120680","geonames_id_45935","0.9789824212334235"
"opentripmap_id_31399","geonames_id_1235715","0.9789695808086545"
"opentripmap_id_77689","geonames_id_2619315","0.9789810770460036"
"opentripmap_id_56003","geonames_id_781352","0.9131821514734321"
"opentripmap_id_2118","geonames_id_1169174","0.9789810098344243"
"opentripmap_id_127830","geonames_id_326565","0.978971060201535"
"opentripmap_id_8618","geonames_id_2613825","0.9789691100713815"
"opentripmap_id_46160","geonames_id_1411921","0.9789797999900367"
"opentripmap_id_131252","geonames_id_321510","0.9567501806697355"
"opentripmap_id_32958","geonames_id_1169419","0.9789609714117182"
"opentripmap_id_89397","geonames_id_1230578","0.9789382206422665"
"opentripmap_id_127563","geonames_id_537534","0.978958414833166"
"opentripmap_id_61933","geonames_id_2619221","0.9789830932955891"
"opentripmap_id_108721","geonames_id_537058","0.9789395675114488"
"opentripmap_id_124026","geonames_id_318162","0.8342645622250852"
"opentripmap_id_131700","geonames_id_405699","0.9789838997424302"
"opentripmap_id_87277","geonames_id_2627037","0.9789838997424302"
"opentripmap_id_29470","geonames_id_569998","0.9789744893115657"
"opentripmap_id_110986","geonames_id_384370","0.9136355432228357"
"opentripmap_id_21959","geonames_id_591205","0.978983765336726"
"opentripmap_id_95204","geonames_id_2086483","0.9789355940049386"
"opentripmap_id_28016","geonames_id_1167303","0.9789817491502284"
"opentripmap_id_87433","geonames_id_2625776","0.8304976639184861"
"opentripmap_id_90105","geonames_id_553429","0.9789507432734494"
"opentripmap_id_110451","geonames_id_483863","0.9567331475696018"
"opentripmap_id_126260","geonames_id_330518","0.8361594109881405"
"opentripmap_id_4662","geonames_id_547430","0.9568819028937734"
"opentripmap_id_9778","geonames_id_712020","0.9566198364311364"
"opentripmap_id_131608","geonames_id_320588","0.9789683030692112"
"opentripmap_id_35378","geonames_id_2089593","0.9566271553682256"
"opentripmap_id_128676","geonames_id_498637","0.9789586166793667"
"opentripmap_id_13107","geonames_id_2069725","0.9568183840214947"
"opentripmap_id_8745","geonames_id_2622392","0.9789579438513301"
"opentripmap_id_110549","geonames_id_493879","0.8332647422176138"
"opentripmap_id_7514","geonames_id_517826","0.9789468728081222"
"opentripmap_id_124249","geonames_id_490729","0.9789793294765944"
"opentripmap_id_8424","geonames_id_1412006","0.9789803041001458"
"opentripmap_id_56774","geonames_id_1229961","0.9789691100713815"
"opentripmap_id_2322","geonames_id_1238874","0.9789562616891336"
"opentripmap_id_124430","geonames_id_479997","0.9789082984328301"
"opentripmap_id_27912","geonames_id_1167816","0.978978455638574"
"opentripmap_id_113332","geonames_id_333670","0.9568797466048894"
"opentripmap_id_116558","geonames_id_543080","0.9789772456503246"
"opentripmap_id_97218","geonames_id_535793","0.9789126815339648"
"opentripmap_id_80816","geonames_id_2629344","0.9140393235551709"
"opentripmap_id_23108","geonames_id_667194","0.9789612741443124"
"opentripmap_id_33186","geonames_id_1170411","0.9789814803110621"
"opentripmap_id_12746","geonames_id_658230","0.956811315232102"
"opentripmap_id_31734","geonames_id_548971","0.9567173253847259"
"opentripmap_id_58948","geonames_id_661148","0.978974455695496"
"opentripmap_id_102651","geonames_id_533196","0.9789819171729987"
"opentripmap_id_97516","geonames_id_362397","0.978976943142614"
"opentripmap_id_55918","geonames_id_660021","0.9569026519098078"
"opentripmap_id_119208","geonames_id_443446","0.8313356118300376"
"opentripmap_id_113677","geonames_id_514110","0.9789539064409922"
"opentripmap_id_50069","geonames_id_859168","0.9789801696719402"
"opentripmap_id_16071","geonames_id_532459","0.9789820851944546"
"opentripmap_id_31746","geonames_id_548971","0.9564640980235579"
"opentripmap_id_44075","geonames_id_874759","0.9789538559685665"
"opentripmap_id_56708","geonames_id_1233793","0.978972337777072"
"opentripmap_id_88581","geonames_id_1230640","0.9789783884187924"
"opentripmap_id_115975","geonames_id_2065710","0.9789735480417323"
"opentripmap_id_131448","geonames_id_493931","0.9132714495251659"
"opentripmap_id_9649","geonames_id_713205","0.9789765061795122"
"opentripmap_id_66675","geonames_id_777346","0.8323252996597835"
"opentripmap_id_31043","geonames_id_1410252","0.9789662181733543"
"opentripmap_id_59642","geonames_id_2111738","0.9789817827548877"
"opentripmap_id_28173","geonames_id_1235780","0.9789504067388887"
"opentripmap_id_131971","geonames_id_337404","0.978967361528382"
"opentripmap_id_19152","geonames_id_891049","0.9789697153031246"
"opentripmap_id_40073","geonames_id_821837","0.9789762204680635"
"opentripmap_id_114638","geonames_id_331026","0.9789191534070478"
"opentripmap_id_53697","geonames_id_900825","0.9789797327744616"
"opentripmap_id_49161","geonames_id_578039","0.9789701860271416"
"opentripmap_id_34481","geonames_id_465776","0.8360313928073918"
"opentripmap_id_25673","geonames_id_1223594","0.956912888169717"
"opentripmap_id_109875","geonames_id_320684","0.9567300376617167"
"opentripmap_id_14917","geonames_id_662268","0.9789820683923683"
"opentripmap_id_78236","geonames_id_246121","0.9135342011354219"
"opentripmap_id_21854","geonames_id_1235252","0.9789752288517953"
"opentripmap_id_86098","geonames_id_2625561","0.978941520322067"
"opentripmap_id_33951","geonames_id_544031","0.9789687065740841"
"opentripmap_id_112549","geonames_id_427774","0.9789619132324583"
"opentripmap_id_131251","geonames_id_321510","0.9567340940209464"
"opentripmap_id_120516","geonames_id_554506","0.9789440115818302"
"opentripmap_id_6394","geonames_id_599531","0.9569071642316129"
"opentripmap_id_109885","geonames_id_551676","0.9789456273799096"
"opentripmap_id_89512","geonames_id_2108185","0.9789838997424302"
"opentripmap_id_125386","geonames_id_465630","0.913855391710049"
"opentripmap_id_10293","geonames_id_2115516","0.9789774473197655"
"opentripmap_id_115421","geonames_id_400708","0.9133704859324808"
"opentripmap_id_131581","geonames_id_481487","0.9789465025532108"
"opentripmap_id_118655","geonames_id_455823","0.97897173261918"
"opentripmap_id_19707","geonames_id_877431","0.9789663442816722"
"opentripmap_id_87009","geonames_id_2627686","0.8361106303226369"
"opentripmap_id_104334","geonames_id_364639","0.9124908525668997"
"opentripmap_id_45279","geonames_id_2617205","0.9789818835685498"
"opentripmap_id_107406","geonames_id_371760","0.9789651420189474"
"opentripmap_id_16122","geonames_id_542790","0.9789774473197655"
"opentripmap_id_115162","geonames_id_549533","0.978977917874432"
"opentripmap_id_12792","geonames_id_2074453","0.9568380830729089"
"opentripmap_id_5","geonames_id_861000","0.8323673473539243"
"opentripmap_id_16113","geonames_id_532472","0.978978590077506"
"opentripmap_id_23026","geonames_id_360417","0.8326548461535732"
"opentripmap_id_118040","geonames_id_2111764","0.9789592222066007"
"opentripmap_id_128227","geonames_id_409807","0.8337268829440171"
"opentripmap_id_124572","geonames_id_434392","0.9139206820371484"
"opentripmap_id_115047","geonames_id_482320","0.9789742203815351"
"opentripmap_id_36656","geonames_id_543324","0.9789832949101381"
"opentripmap_id_87068","geonames_id_2632127","0.9566386735291988"
"opentripmap_id_107114","geonames_id_324025","0.8323439885635358"
"opentripmap_id_28017","geonames_id_1167303","0.9789709929586132"
"opentripmap_id_113477","geonames_id_328451","0.9131202411487652"
"opentripmap_id_108917","geonames_id_537104","0.978980673773374"
"opentripmap_id_102628","geonames_id_330680","0.9565252620455327"
"opentripmap_id_101179","geonames_id_553427","0.9789742203815351"
"opentripmap_id_87640","geonames_id_2629300","0.9789530988679676"
"opentripmap_id_16004","geonames_id_544633","0.9789746910068802"
"opentripmap_id_40335","geonames_id_891874","0.9789698161734247"
"opentripmap_id_2818","geonames_id_90068","0.9789817491502284"
"opentripmap_id_60252","geonames_id_2112131","0.978979262259547"
"opentripmap_id_21288","geonames_id_1235627","0.9789756322266465"
"opentripmap_id_114545","geonames_id_529616","0.8335484038995763"
"opentripmap_id_89409","geonames_id_1187142","0.9789339100944797"
"opentripmap_id_899","geonames_id_636321","0.9569699867542893"
"opentripmap_id_92762","geonames_id_1229604","0.9567443685061222"
"opentripmap_id_114633","geonames_id_335189","0.9568901228005567"
"opentripmap_id_97219","geonames_id_535793","0.9789758339112322"
"opentripmap_id_88522","geonames_id_501926","0.9132642052476414"
"opentripmap_id_13638","geonames_id_874233","0.978958583038465"
"opentripmap_id_115495","geonames_id_982367","0.8338644879280485"
"opentripmap_id_77837","geonames_id_388783","0.9133177482177203"
"opentripmap_id_31737","geonames_id_548971","0.9565684351495439"
"opentripmap_id_56734","geonames_id_1233370","0.9789589530854906"
"opentripmap_id_2092","geonames_id_1170540","0.9789822868184669"
"opentripmap_id_105443","geonames_id_529537","0.8313099626910003"
"opentripmap_id_121760","geonames_id_366004","0.832849779176642"
"opentripmap_id_98236","geonames_id_361197","0.9789654783229869"
"opentripmap_id_78094","geonames_id_2629187","0.8342957219928865"
"opentripmap_id_47290","geonames_id_533236","0.9789838997424302"
"opentripmap_id_86353","geonames_id_2632131","0.956743557447261"
"opentripmap_id_43006","geonames_id_588048","0.9789564635555449"
"opentripmap_id_129041","geonames_id_82759","0.9569049418011398"
"opentripmap_id_108635","geonames_id_231313","0.9127263467099151"
"opentripmap_id_36700","geonames_id_465077","0.956824456561989"
"opentripmap_id_56116","geonames_id_2619466","0.97898201798603"
"opentripmap_id_118224","geonames_id_551144","0.978973346335689"
"opentripmap_id_6561","geonames_id_644510","0.956961949548224"
"opentripmap_id_126838","geonames_id_398490","0.9789179737833845"
"opentripmap_id_87056","geonames_id_2629040","0.8335121457788214"
"opentripmap_id_31122","geonames_id_1408942","0.9789514499788907"
"opentripmap_id_96740","geonames_id_544732","0.9789777834312934"
"opentripmap_id_115597","geonames_id_494914","0.9141760138035318"
"opentripmap_id_100870","geonames_id_550174","0.9789806065605329"
"opentripmap_id_58955","geonames_id_661158","0.9789826228542812"
"opentripmap_id_94087","geonames_id_1235631","0.9789660163985067"
"opentripmap_id_15174","geonames_id_1410018","0.978977917874432"
"opentripmap_id_16703","geonames_id_2621293","0.9789791950422895"
"opentripmap_id_85392","geonames_id_2630764","0.9134596086273871"
"opentripmap_id_2604","geonames_id_2142440","0.9789707239848224"
"opentripmap_id_112164","geonames_id_432366","0.956594888976511"
"opentripmap_id_119511","geonames_id_492616","0.9789557233694405"
"opentripmap_id_46506","geonames_id_549566","0.9789521566611151"
"opentripmap_id_120018","geonames_id_455549","0.9789641330752602"
"opentripmap_id_25382","geonames_id_641901","0.978931249247486"
"opentripmap_id_86989","geonames_id_2629032","0.8332935568325841"
"opentripmap_id_38422","geonames_id_543019","0.9789452907653152"
"opentripmap_id_123679","geonames_id_69004","0.834400907964823"
"opentripmap_id_42322","geonames_id_544138","0.9789783211988005"
"opentripmap_id_24310","geonames_id_660212","0.9789699170432515"
"opentripmap_id_116434","geonames_id_470068","0.9789804721342201"
"opentripmap_id_90021","geonames_id_552179","0.9789834629208167"
"opentripmap_id_112996","geonames_id_516999","0.9789741867650444"
"opentripmap_id_97489","geonames_id_417914","0.9569734500454379"
"opentripmap_id_131087","geonames_id_2617319","0.978951752845544"
"opentripmap_id_123792","geonames_id_392974","0.9567943557561729"
"opentripmap_id_3397","geonames_id_531964","0.9568456365962928"
"opentripmap_id_91389","geonames_id_539352","0.9789780523167295"
"opentripmap_id_23298","geonames_id_1410221","0.9789803041001458"
"opentripmap_id_84880","geonames_id_2629024","0.9789703205178243"
"opentripmap_id_118904","geonames_id_337814","0.9570073291769406"
"opentripmap_id_101287","geonames_id_531162","0.9789593231261486"
"opentripmap_id_115046","geonames_id_482320","0.9789563289781479"
"opentripmap_id_122929","geonames_id_371373","0.956734634841411"
"opentripmap_id_114457","geonames_id_529510","0.9136734221594031"
"opentripmap_id_61941","geonames_id_1342189","0.8338916360287458"
"opentripmap_id_16079","geonames_id_544703","0.978983765336726"
"opentripmap_id_83059","geonames_id_1388492","0.978952829670221"
"opentripmap_id_105173","geonames_id_412165","0.9565849875507699"
"opentripmap_id_3247","geonames_id_543031","0.9789767750809342"
"opentripmap_id_36638","geonames_id_539797","0.9789813458902171"
"opentripmap_id_25609","geonames_id_1223593","0.9789778506529677"
"opentripmap_id_96563","geonames_id_1236985","0.9789799344205558"
"opentripmap_id_102629","geonames_id_330680","0.9789114004119777"
"opentripmap_id_10230","geonames_id_2103468","0.9789828244732464"
"opentripmap_id_41106","geonames_id_1400021","0.9789511134553857"
"opentripmap_id_122840","geonames_id_55345","0.9789295986834755"
"opentripmap_id_48615","geonames_id_551110","0.9789828580762231"
"opentripmap_id_131148","geonames_id_440716","0.9789815475211691"
"opentripmap_id_31724","geonames_id_548971","0.9129763203789333"
"opentripmap_id_8076","geonames_id_1408184","0.9789692445687972"
"opentripmap_id_123443","geonames_id_509372","0.9789729429179225"
"opentripmap_id_117828","geonames_id_494358","0.8297164079289104"
"opentripmap_id_73416","geonames_id_60961","0.9789645366584175"
"opentripmap_id_95003","geonames_id_247052","0.9789838997424302"
"opentripmap_id_31736","geonames_id_548971","0.9127011054556065"
"opentripmap_id_31370","geonames_id_1169051","0.9789806065605329"
"opentripmap_id_42730","geonames_id_1409071","0.9789791614335817"
"opentripmap_id_99849","geonames_id_553541","0.9789761700480017"
"opentripmap_id_6662","geonames_id_1091485","0.9789782539785983"
"opentripmap_id_108323","geonames_id_321883","0.9568627622311108"
"opentripmap_id_122846","geonames_id_594592","0.9566889973223416"
"opentripmap_id_99780","geonames_id_384288","0.8319867885513604"
"opentripmap_id_8648","geonames_id_2614213","0.9789715308960957"
"opentripmap_id_111952","geonames_id_375513","0.9566977090285282"
"opentripmap_id_65","geonames_id_890965","0.9789806569701834"
"opentripmap_id_31748","geonames_id_548971","0.9128885656900699"
"opentripmap_id_78588","geonames_id_245463","0.9135205259005444"
"opentripmap_id_43005","geonames_id_588048","0.9789709929586132"
"opentripmap_id_125104","geonames_id_388304","0.9789644693950841"
"opentripmap_id_7525","geonames_id_517629","0.9788988886137725"
"opentripmap_id_21230","geonames_id_1168447","0.9789613750542301"
"opentripmap_id_12364","geonames_id_1164135","0.978982219610673"
"opentripmap_id_72911","geonames_id_336114","0.9789676305442561"
"opentripmap_id_58505","geonames_id_2617245","0.9789762372747245"
"opentripmap_id_123786","geonames_id_424066","0.9789097146091253"
"opentripmap_id_21254","geonames_id_1239406","0.9789785228581451"
"opentripmap_id_284","geonames_id_859179","0.9789619805037895"
"opentripmap_id_14231","geonames_id_802013","0.9569925438016865"
"opentripmap_id_16409","geonames_id_901635","0.978972337777072"
"opentripmap_id_127071","geonames_id_475751","0.9789778506529677"
"opentripmap_id_901","geonames_id_636322","0.9140482413559916"
"opentripmap_id_16036","geonames_id_542828","0.9789770439789909"
"opentripmap_id_1258","geonames_id_531920","0.978977312873682"
"opentripmap_id_129596","geonames_id_456159","0.9789670588814993"
"opentripmap_id_1885","geonames_id_663837","0.9133739102941364"
"opentripmap_id_87258","geonames_id_2629119","0.832487974055548"
"opentripmap_id_69299","geonames_id_542654","0.9789800688502337"
"opentripmap_id_62538","geonames_id_1409575","0.9789700851585774"
"opentripmap_id_93738","geonames_id_479050","0.8327606374782796"
"opentripmap_id_115596","geonames_id_494914","0.9570736691168186"
"opentripmap_id_56776","geonames_id_1233682","0.9789824212334235"
"opentripmap_id_69384","geonames_id_2113202","0.9789817827548877"
"opentripmap_id_1890","geonames_id_635764","0.9789489932362406"
"opentripmap_id_40656","geonames_id_1231954","0.978972337777072"
"opentripmap_id_23291","geonames_id_1410205","0.978976842305764"
"opentripmap_id_114999","geonames_id_337824","0.9789835637265929"
"opentripmap_id_6396","geonames_id_599531","0.9789585157565032"
"opentripmap_id_76008","geonames_id_1014938","0.9789479835346288"
"opentripmap_id_127638","geonames_id_320124","0.9570598451777722"
"opentripmap_id_21972","geonames_id_662383","0.9789736825113757"
"opentripmap_id_94274","geonames_id_679351","0.8307040158693475"
"opentripmap_id_50340","geonames_id_2597782","0.8317757421027185"
"opentripmap_id_100286","geonames_id_534599","0.9789783211988005"
"opentripmap_id_41709","geonames_id_2623971","0.9789801360647573"
"opentripmap_id_25016","geonames_id_2110457","0.9789515509349156"
"opentripmap_id_130314","geonames_id_446690","0.9135321370744892"
"opentripmap_id_6681","geonames_id_1087912","0.9568973981906365"
"opentripmap_id_56123","geonames_id_2614616","0.9789814803110621"
"opentripmap_id_30870","geonames_id_1410231","0.9789600631883606"
"opentripmap_id_94878","geonames_id_796653","0.9136675126187731"
"opentripmap_id_54099","geonames_id_2619518","0.978973480806595"
"opentripmap_id_87132","geonames_id_2629210","0.8328870618828171"
"opentripmap_id_45847","geonames_id_1231481","0.9789693790653715"
"opentripmap_id_128811","geonames_id_59407","0.9789294639379705"
"opentripmap_id_124409","geonames_id_337400","0.9789604332099151"
"opentripmap_id_112970","geonames_id_328146","0.95694721655378"
"opentripmap_id_118657","geonames_id_455823","0.9789817491502284"
"opentripmap_id_6593","geonames_id_644524","0.9789596931604385"
"opentripmap_id_101288","geonames_id_531162","0.978964637553023"
"opentripmap_id_28217","geonames_id_1235788","0.9789816147310658"
"opentripmap_id_31566","geonames_id_1091512","0.9789746910068802"
"opentripmap_id_115795","geonames_id_2111506","0.9789504740462219"
"opentripmap_id_112154","geonames_id_371902","0.9789787245155969"
"opentripmap_id_115045","geonames_id_482320","0.9569227181805807"
"opentripmap_id_116427","geonames_id_321101","0.8325307861171335"
"opentripmap_id_126312","geonames_id_552168","0.9789698497967529"
"opentripmap_id_120068","geonames_id_553341","0.9789641330752602"
"opentripmap_id_28157","geonames_id_1235775","0.9789830932955891"
"opentripmap_id_115940","geonames_id_491586","0.8339282803292765"
"opentripmap_id_83058","geonames_id_1388492","0.9568968593130648"
"opentripmap_id_1381","geonames_id_535603","0.9789816819407524"
"opentripmap_id_7732","geonames_id_1410485","0.9788911620729629"
"opentripmap_id_24281","geonames_id_667038","0.9789464688933573"
